[2026-09-01 22:46:24] ===== overnight pid=2452 host=autodl-container-786940b8b6-0bbf86fb =====
[2026-09-01 22:46:24] gpu=NVIDIA GeForce RTX 5090, 32607 MiB
[2026-09-01 22:46:24] START xlrs_benchmark_32
Some weights of the model checkpoint at /root/autodl-tmp/26揭榜挂帅-太空智算/autodl-tmp/cache/huggingface/hub/models--IDEA-Research--grounding-dino-tiny/snapshots/a2bb814dd30d776dcf7e30523b00659f4f141c71 were not used when initializing GroundingDinoForObjectDetection: ['model.decoder.layers.0.encoder_attn_text.in_proj_bias', 'model.decoder.layers.0.encoder_attn_text.in_proj_weight', 'model.decoder.layers.0.self_attn.in_proj_bias', 'model.decoder.layers.0.self_attn.in_proj_weight', 'model.decoder.layers.1.encoder_attn_text.in_proj_bias', 'model.decoder.layers.1.encoder_attn_text.in_proj_weight', 'model.decoder.layers.1.self_attn.in_proj_bias', 'model.decoder.layers.1.self_attn.in_proj_weight', 'model.decoder.layers.2.encoder_attn_text.in_proj_bias', 'model.decoder.layers.2.encoder_attn_text.in_proj_weight', 'model.decoder.layers.2.self_attn.in_proj_bias', 'model.decoder.layers.2.self_attn.in_proj_weight', 'model.decoder.layers.3.encoder_attn_text.in_proj_bias', 'model.decoder.layers.3.encoder_attn_text.in_proj_weight', 'model.decoder.layers.3.self_attn.in_proj_bias', 'model.decoder.layers.3.self_attn.in_proj_weight', 'model.decoder.layers.4.encoder_attn_text.in_proj_bias', 'model.decoder.layers.4.encoder_attn_text.in_proj_weight', 'model.decoder.layers.4.self_attn.in_proj_bias', 'model.decoder.layers.4.self_attn.in_proj_weight', 'model.decoder.layers.5.encoder_attn_text.in_proj_bias', 'model.decoder.layers.5.encoder_attn_text.in_proj_weight', 'model.decoder.layers.5.self_attn.in_proj_bias', 'model.decoder.layers.5.self_attn.in_proj_weight', 'model.encoder.layers.0.text_enhancer_layer.self_attn.in_proj_bias', 'model.encoder.layers.0.text_enhancer_layer.self_attn.in_proj_weight', 'model.encoder.layers.1.text_enhancer_layer.self_attn.in_proj_bias', 'model.encoder.layers.1.text_enhancer_layer.self_attn.in_proj_weight', 'model.encoder.layers.2.text_enhancer_layer.self_attn.in_proj_bias', 'model.encoder.layers.2.text_enhancer_layer.self_attn.in_proj_weight', 'model.encoder.layers.3.text_enhancer_layer.self_attn.in_proj_bias', 'model.encoder.layers.3.text_enhancer_layer.self_attn.in_proj_weight', 'model.encoder.layers.4.text_enhancer_layer.self_attn.in_proj_bias', 'model.encoder.layers.4.text_enhancer_layer.self_attn.in_proj_weight', 'model.encoder.layers.5.text_enhancer_layer.self_attn.in_proj_bias', 'model.encoder.layers.5.text_enhancer_layer.self_attn.in_proj_weight', 'model.text_backbone.pooler.dense.bias', 'model.text_backbone.pooler.dense.weight']
- This IS expected if you are initializing GroundingDinoForObjectDetection from the checkpoint of a model trained on another task or with another architecture (e.g. initializing a BertForSequenceClassification model from a BertForPreTraining model).
- This IS NOT expected if you are initializing GroundingDinoForObjectDetection from the checkpoint of a model that you expect to be exactly identical (initializing a BertForSequenceClassification model from a BertForSequenceClassification model).
Some weights of GroundingDinoForObjectDetection were not initialized from the model checkpoint at /root/autodl-tmp/26揭榜挂帅-太空智算/autodl-tmp/cache/huggingface/hub/models--IDEA-Research--grounding-dino-tiny/snapshots/a2bb814dd30d776dcf7e30523b00659f4f141c71 and are newly initialized: ['model.decoder.layers.0.encoder_attn_text.key.bias', 'model.decoder.layers.0.encoder_attn_text.key.weight', 'model.decoder.layers.0.encoder_attn_text.query.bias', 'model.decoder.layers.0.encoder_attn_text.query.weight', 'model.decoder.layers.0.encoder_attn_text.value.bias', 'model.decoder.layers.0.encoder_attn_text.value.weight', 'model.decoder.layers.0.self_attn.key.bias', 'model.decoder.layers.0.self_attn.key.weight', 'model.decoder.layers.0.self_attn.query.bias', 'model.decoder.layers.0.self_attn.query.weight', 'model.decoder.layers.0.self_attn.value.bias', 'model.decoder.layers.0.self_attn.value.weight', 'model.decoder.layers.1.encoder_attn_text.key.bias', 'model.decoder.layers.1.encoder_attn_text.key.weight', 'model.decoder.layers.1.encoder_attn_text.query.bias', 'model.decoder.layers.1.encoder_attn_text.query.weight', 'model.decoder.layers.1.encoder_attn_text.value.bias', 'model.decoder.layers.1.encoder_attn_text.value.weight', 'model.decoder.layers.1.self_attn.key.bias', 'model.decoder.layers.1.self_attn.key.weight', 'model.decoder.layers.1.self_attn.query.bias', 'model.decoder.layers.1.self_attn.query.weight', 'model.decoder.layers.1.self_attn.value.bias', 'model.decoder.layers.1.self_attn.value.weight', 'model.decoder.layers.2.encoder_attn_text.key.bias', 'model.decoder.layers.2.encoder_attn_text.key.weight', 'model.decoder.layers.2.encoder_attn_text.query.bias', 'model.decoder.layers.2.encoder_attn_text.query.weight', 'model.decoder.layers.2.encoder_attn_text.value.bias', 'model.decoder.layers.2.encoder_attn_text.value.weight', 'model.decoder.layers.2.self_attn.key.bias', 'model.decoder.layers.2.self_attn.key.weight', 'model.decoder.layers.2.self_attn.query.bias', 'model.decoder.layers.2.self_attn.query.weight', 'model.decoder.layers.2.self_attn.value.bias', 'model.decoder.layers.2.self_attn.value.weight', 'model.decoder.layers.3.encoder_attn_text.key.bias', 'model.decoder.layers.3.encoder_attn_text.key.weight', 'model.decoder.layers.3.encoder_attn_text.query.bias', 'model.decoder.layers.3.encoder_attn_text.query.weight', 'model.decoder.layers.3.encoder_attn_text.value.bias', 'model.decoder.layers.3.encoder_attn_text.value.weight', 'model.decoder.layers.3.self_attn.key.bias', 'model.decoder.layers.3.self_attn.key.weight', 'model.decoder.layers.3.self_attn.query.bias', 'model.decoder.layers.3.self_attn.query.weight', 'model.decoder.layers.3.self_attn.value.bias', 'model.decoder.layers.3.self_attn.value.weight', 'model.decoder.layers.4.encoder_attn_text.key.bias', 'model.decoder.layers.4.encoder_attn_text.key.weight', 'model.decoder.layers.4.encoder_attn_text.query.bias', 'model.decoder.layers.4.encoder_attn_text.query.weight', 'model.decoder.layers.4.encoder_attn_text.value.bias', 'model.decoder.layers.4.encoder_attn_text.value.weight', 'model.decoder.layers.4.self_attn.key.bias', 'model.decoder.layers.4.self_attn.key.weight', 'model.decoder.layers.4.self_attn.query.bias', 'model.decoder.layers.4.self_attn.query.weight', 'model.decoder.layers.4.self_attn.value.bias', 'model.decoder.layers.4.self_attn.value.weight', 'model.decoder.layers.5.encoder_attn_text.key.bias', 'model.decoder.layers.5.encoder_attn_text.key.weight', 'model.decoder.layers.5.encoder_attn_text.query.bias', 'model.decoder.layers.5.encoder_attn_text.query.weight', 'model.decoder.layers.5.encoder_attn_text.value.bias', 'model.decoder.layers.5.encoder_attn_text.value.weight', 'model.decoder.layers.5.self_attn.key.bias', 'model.decoder.layers.5.self_attn.key.weight', 'model.decoder.layers.5.self_attn.query.bias', 'model.decoder.layers.5.self_attn.query.weight', 'model.decoder.layers.5.self_attn.value.bias', 'model.decoder.layers.5.self_attn.value.weight', 'model.encoder.layers.0.text_enhancer_layer.self_attn.key.bias', 'model.encoder.layers.0.text_enhancer_layer.self_attn.key.weight', 'model.encoder.layers.0.text_enhancer_layer.self_attn.query.bias', 'model.encoder.layers.0.text_enhancer_layer.self_attn.query.weight', 'model.encoder.layers.0.text_enhancer_layer.self_attn.value.bias', 'model.encoder.layers.0.text_enhancer_layer.self_attn.value.weight', 'model.encoder.layers.1.text_enhancer_layer.self_attn.key.bias', 'model.encoder.layers.1.text_enhancer_layer.self_attn.key.weight', 'model.encoder.layers.1.text_enhancer_layer.self_attn.query.bias', 'model.encoder.layers.1.text_enhancer_layer.self_attn.query.weight', 'model.encoder.layers.1.text_enhancer_layer.self_attn.value.bias', 'model.encoder.layers.1.text_enhancer_layer.self_attn.value.weight', 'model.encoder.layers.2.text_enhancer_layer.self_attn.key.bias', 'model.encoder.layers.2.text_enhancer_layer.self_attn.key.weight', 'model.encoder.layers.2.text_enhancer_layer.self_attn.query.bias', 'model.encoder.layers.2.text_enhancer_layer.self_attn.query.weight', 'model.encoder.layers.2.text_enhancer_layer.self_attn.value.bias', 'model.encoder.layers.2.text_enhancer_layer.self_attn.value.weight', 'model.encoder.layers.3.text_enhancer_layer.self_attn.key.bias', 'model.encoder.layers.3.text_enhancer_layer.self_attn.key.weight', 'model.encoder.layers.3.text_enhancer_layer.self_attn.query.bias', 'model.encoder.layers.3.text_enhancer_layer.self_attn.query.weight', 'model.encoder.layers.3.text_enhancer_layer.self_attn.value.bias', 'model.encoder.layers.3.text_enhancer_layer.self_attn.value.weight', 'model.encoder.layers.4.text_enhancer_layer.self_attn.key.bias', 'model.encoder.layers.4.text_enhancer_layer.self_attn.key.weight', 'model.encoder.layers.4.text_enhancer_layer.self_attn.query.bias', 'model.encoder.layers.4.text_enhancer_layer.self_attn.query.weight', 'model.encoder.layers.4.text_enhancer_layer.self_attn.value.bias', 'model.encoder.layers.4.text_enhancer_layer.self_attn.value.weight', 'model.encoder.layers.5.text_enhancer_layer.self_attn.key.bias', 'model.encoder.layers.5.text_enhancer_layer.self_attn.key.weight', 'model.encoder.layers.5.text_enhancer_layer.self_attn.query.bias', 'model.encoder.layers.5.text_enhancer_layer.self_attn.query.weight', 'model.encoder.layers.5.text_enhancer_layer.self_attn.value.bias', 'model.encoder.layers.5.text_enhancer_layer.self_attn.value.weight']
You should probably TRAIN this model on a down-stream task to be able to use it for predictions and inference.
/root/miniconda3/lib/python3.12/site-packages/transformers/models/grounding_dino/processing_grounding_dino.py:100: FutureWarning: The key `labels` is will return integer ids in `GroundingDinoProcessor.post_process_grounded_object_detection` output since v4.51.0. Use `text_labels` instead to retrieve string object names.
  warnings.warn(self.message, FutureWarning)
[1/32] Counting_Overall_counting_0 pred=172 ref=153 target=ship calls=147 backend=grounding_dino
/root/miniconda3/lib/python3.12/site-packages/transformers/models/grounding_dino/processing_grounding_dino.py:100: FutureWarning: The key `labels` is will return integer ids in `GroundingDinoProcessor.post_process_grounded_object_detection` output since v4.51.0. Use `text_labels` instead to retrieve string object names.
  warnings.warn(self.message, FutureWarning)
[2/32] Counting_Overall_counting_1 pred=180 ref=9 target=boat calls=147 backend=grounding_dino
/root/miniconda3/lib/python3.12/site-packages/transformers/models/grounding_dino/processing_grounding_dino.py:100: FutureWarning: The key `labels` is will return integer ids in `GroundingDinoProcessor.post_process_grounded_object_detection` output since v4.51.0. Use `text_labels` instead to retrieve string object names.
  warnings.warn(self.message, FutureWarning)
[3/32] Counting_Overall_counting_2 pred=175 ref=44 target=ship calls=158 backend=grounding_dino
/root/miniconda3/lib/python3.12/site-packages/transformers/models/grounding_dino/processing_grounding_dino.py:100: FutureWarning: The key `labels` is will return integer ids in `GroundingDinoProcessor.post_process_grounded_object_detection` output since v4.51.0. Use `text_labels` instead to retrieve string object names.
  warnings.warn(self.message, FutureWarning)
[4/32] Counting_Overall_counting_3 pred=1107 ref=15 target=ship calls=318 backend=grounding_dino
/root/miniconda3/lib/python3.12/site-packages/transformers/models/grounding_dino/processing_grounding_dino.py:100: FutureWarning: The key `labels` is will return integer ids in `GroundingDinoProcessor.post_process_grounded_object_detection` output since v4.51.0. Use `text_labels` instead to retrieve string object names.
  warnings.warn(self.message, FutureWarning)
[5/32] Counting_Overall_counting_4 pred=1318 ref=554 target=vehicle calls=318 backend=grounding_dino
/root/miniconda3/lib/python3.12/site-packages/transformers/models/grounding_dino/processing_grounding_dino.py:100: FutureWarning: The key `labels` is will return integer ids in `GroundingDinoProcessor.post_process_grounded_object_detection` output since v4.51.0. Use `text_labels` instead to retrieve string object names.
  warnings.warn(self.message, FutureWarning)
[6/32] Counting_Overall_counting_5 pred=198 ref=33 target=ship calls=147 backend=grounding_dino
/root/miniconda3/lib/python3.12/site-packages/transformers/models/grounding_dino/processing_grounding_dino.py:100: FutureWarning: The key `labels` is will return integer ids in `GroundingDinoProcessor.post_process_grounded_object_detection` output since v4.51.0. Use `text_labels` instead to retrieve string object names.
  warnings.warn(self.message, FutureWarning)
[7/32] Counting_Overall_counting_6 pred=457 ref=76 target=boat calls=147 backend=grounding_dino
/root/miniconda3/lib/python3.12/site-packages/transformers/models/grounding_dino/processing_grounding_dino.py:100: FutureWarning: The key `labels` is will return integer ids in `GroundingDinoProcessor.post_process_grounded_object_detection` output since v4.51.0. Use `text_labels` instead to retrieve string object names.
  warnings.warn(self.message, FutureWarning)
[8/32] Counting_Overall_counting_7 pred=248 ref=16 target=buoy calls=71 backend=grounding_dino
/root/miniconda3/lib/python3.12/site-packages/transformers/models/grounding_dino/processing_grounding_dino.py:100: FutureWarning: The key `labels` is will return integer ids in `GroundingDinoProcessor.post_process_grounded_object_detection` output since v4.51.0. Use `text_labels` instead to retrieve string object names.
  warnings.warn(self.message, FutureWarning)
[9/32] Counting_Overall_counting_8 pred=609 ref=3 target=boat calls=318 backend=grounding_dino
/root/miniconda3/lib/python3.12/site-packages/transformers/models/grounding_dino/processing_grounding_dino.py:100: FutureWarning: The key `labels` is will return integer ids in `GroundingDinoProcessor.post_process_grounded_object_detection` output since v4.51.0. Use `text_labels` instead to retrieve string object names.
  warnings.warn(self.message, FutureWarning)
[10/32] Counting_Overall_counting_9 pred=981 ref=632 target=vehicle calls=318 backend=grounding_dino
/root/miniconda3/lib/python3.12/site-packages/transformers/models/grounding_dino/processing_grounding_dino.py:100: FutureWarning: The key `labels` is will return integer ids in `GroundingDinoProcessor.post_process_grounded_object_detection` output since v4.51.0. Use `text_labels` instead to retrieve string object names.
  warnings.warn(self.message, FutureWarning)
[11/32] Counting_Overall_counting_10 pred=382 ref=104 target=vehicle calls=318 backend=grounding_dino
/root/miniconda3/lib/python3.12/site-packages/transformers/models/grounding_dino/processing_grounding_dino.py:100: FutureWarning: The key `labels` is will return integer ids in `GroundingDinoProcessor.post_process_grounded_object_detection` output since v4.51.0. Use `text_labels` instead to retrieve string object names.
  warnings.warn(self.message, FutureWarning)
[12/32] Counting_Overall_counting_11 pred=354 ref=261 target=ship calls=147 backend=grounding_dino
/root/miniconda3/lib/python3.12/site-packages/transformers/models/grounding_dino/processing_grounding_dino.py:100: FutureWarning: The key `labels` is will return integer ids in `GroundingDinoProcessor.post_process_grounded_object_detection` output since v4.51.0. Use `text_labels` instead to retrieve string object names.
  warnings.warn(self.message, FutureWarning)
[13/32] Counting_Overall_counting_12 pred=861 ref=322 target=vehicle calls=321 backend=grounding_dino
/root/miniconda3/lib/python3.12/site-packages/transformers/models/grounding_dino/processing_grounding_dino.py:100: FutureWarning: The key `labels` is will return integer ids in `GroundingDinoProcessor.post_process_grounded_object_detection` output since v4.51.0. Use `text_labels` instead to retrieve string object names.
  warnings.warn(self.message, FutureWarning)
[14/32] Counting_Overall_counting_13 pred=601 ref=23 target=boat calls=318 backend=grounding_dino
/root/miniconda3/lib/python3.12/site-packages/transformers/models/grounding_dino/processing_grounding_dino.py:100: FutureWarning: The key `labels` is will return integer ids in `GroundingDinoProcessor.post_process_grounded_object_detection` output since v4.51.0. Use `text_labels` instead to retrieve string object names.
  warnings.warn(self.message, FutureWarning)
[15/32] Counting_Overall_counting_14 pred=499 ref=761 target=ship calls=147 backend=grounding_dino
/root/miniconda3/lib/python3.12/site-packages/transformers/models/grounding_dino/processing_grounding_dino.py:100: FutureWarning: The key `labels` is will return integer ids in `GroundingDinoProcessor.post_process_grounded_object_detection` output since v4.51.0. Use `text_labels` instead to retrieve string object names.
  warnings.warn(self.message, FutureWarning)
[16/32] Counting_Overall_counting_15 pred=78 ref=19 target=oil tank calls=31 backend=grounding_dino
/root/miniconda3/lib/python3.12/site-packages/transformers/models/grounding_dino/processing_grounding_dino.py:100: FutureWarning: The key `labels` is will return integer ids in `GroundingDinoProcessor.post_process_grounded_object_detection` output since v4.51.0. Use `text_labels` instead to retrieve string object names.
  warnings.warn(self.message, FutureWarning)
[17/32] Counting_Overall_counting_16 pred=788 ref=7 target=boat calls=318 backend=grounding_dino
/root/miniconda3/lib/python3.12/site-packages/transformers/models/grounding_dino/processing_grounding_dino.py:100: FutureWarning: The key `labels` is will return integer ids in `GroundingDinoProcessor.post_process_grounded_object_detection` output since v4.51.0. Use `text_labels` instead to retrieve string object names.
  warnings.warn(self.message, FutureWarning)
[18/32] Counting_Overall_counting_17 pred=609 ref=185 target=vehicle calls=321 backend=grounding_dino
/root/miniconda3/lib/python3.12/site-packages/transformers/models/grounding_dino/processing_grounding_dino.py:100: FutureWarning: The key `labels` is will return integer ids in `GroundingDinoProcessor.post_process_grounded_object_detection` output since v4.51.0. Use `text_labels` instead to retrieve string object names.
  warnings.warn(self.message, FutureWarning)
[19/32] Counting_Overall_counting_18 pred=1393 ref=9 target=boat calls=846 backend=grounding_dino
/root/miniconda3/lib/python3.12/site-packages/transformers/models/grounding_dino/processing_grounding_dino.py:100: FutureWarning: The key `labels` is will return integer ids in `GroundingDinoProcessor.post_process_grounded_object_detection` output since v4.51.0. Use `text_labels` instead to retrieve string object names.
  warnings.warn(self.message, FutureWarning)
[20/32] Counting_Overall_counting_19 pred=402 ref=124 target=vehicle calls=321 backend=grounding_dino
/root/miniconda3/lib/python3.12/site-packages/transformers/models/grounding_dino/processing_grounding_dino.py:100: FutureWarning: The key `labels` is will return integer ids in `GroundingDinoProcessor.post_process_grounded_object_detection` output since v4.51.0. Use `text_labels` instead to retrieve string object names.
  warnings.warn(self.message, FutureWarning)
[21/32] Counting_Overall_counting_20 pred=576 ref=254 target=vehicle calls=321 backend=grounding_dino
/root/miniconda3/lib/python3.12/site-packages/transformers/models/grounding_dino/processing_grounding_dino.py:100: FutureWarning: The key `labels` is will return integer ids in `GroundingDinoProcessor.post_process_grounded_object_detection` output since v4.51.0. Use `text_labels` instead to retrieve string object names.
  warnings.warn(self.message, FutureWarning)
[22/32] Counting_Overall_counting_21 pred=324 ref=8 target=ship calls=147 backend=grounding_dino
/root/miniconda3/lib/python3.12/site-packages/transformers/models/grounding_dino/processing_grounding_dino.py:100: FutureWarning: The key `labels` is will return integer ids in `GroundingDinoProcessor.post_process_grounded_object_detection` output since v4.51.0. Use `text_labels` instead to retrieve string object names.
  warnings.warn(self.message, FutureWarning)
[23/32] Counting_Overall_counting_22 pred=482 ref=15 target=building calls=71 backend=grounding_dino
/root/miniconda3/lib/python3.12/site-packages/transformers/models/grounding_dino/processing_grounding_dino.py:100: FutureWarning: The key `labels` is will return integer ids in `GroundingDinoProcessor.post_process_grounded_object_detection` output since v4.51.0. Use `text_labels` instead to retrieve string object names.
  warnings.warn(self.message, FutureWarning)
[24/32] Counting_Overall_counting_23 pred=731 ref=322 target=vehicle calls=318 backend=grounding_dino
/root/miniconda3/lib/python3.12/site-packages/transformers/models/grounding_dino/processing_grounding_dino.py:100: FutureWarning: The key `labels` is will return integer ids in `GroundingDinoProcessor.post_process_grounded_object_detection` output since v4.51.0. Use `text_labels` instead to retrieve string object names.
  warnings.warn(self.message, FutureWarning)
[25/32] Counting_Overall_counting_24 pred=334 ref=235 target=ship calls=147 backend=grounding_dino
/root/miniconda3/lib/python3.12/site-packages/transformers/models/grounding_dino/processing_grounding_dino.py:100: FutureWarning: The key `labels` is will return integer ids in `GroundingDinoProcessor.post_process_grounded_object_detection` output since v4.51.0. Use `text_labels` instead to retrieve string object names.
  warnings.warn(self.message, FutureWarning)
[26/32] Counting_Overall_counting_25 pred=103 ref=8 target=oil tank calls=26 backend=grounding_dino
/root/miniconda3/lib/python3.12/site-packages/transformers/models/grounding_dino/processing_grounding_dino.py:100: FutureWarning: The key `labels` is will return integer ids in `GroundingDinoProcessor.post_process_grounded_object_detection` output since v4.51.0. Use `text_labels` instead to retrieve string object names.
  warnings.warn(self.message, FutureWarning)
[27/32] Counting_Overall_counting_26 pred=413 ref=14 target=building calls=71 backend=grounding_dino
/root/miniconda3/lib/python3.12/site-packages/transformers/models/grounding_dino/processing_grounding_dino.py:100: FutureWarning: The key `labels` is will return integer ids in `GroundingDinoProcessor.post_process_grounded_object_detection` output since v4.51.0. Use `text_labels` instead to retrieve string object names.
  warnings.warn(self.message, FutureWarning)
[28/32] Counting_Overall_counting_27 pred=277 ref=318 target=ship calls=147 backend=grounding_dino
/root/miniconda3/lib/python3.12/site-packages/transformers/models/grounding_dino/processing_grounding_dino.py:100: FutureWarning: The key `labels` is will return integer ids in `GroundingDinoProcessor.post_process_grounded_object_detection` output since v4.51.0. Use `text_labels` instead to retrieve string object names.
  warnings.warn(self.message, FutureWarning)
[29/32] Counting_Overall_counting_28 pred=535 ref=13 target=building calls=71 backend=grounding_dino
/root/miniconda3/lib/python3.12/site-packages/transformers/models/grounding_dino/processing_grounding_dino.py:100: FutureWarning: The key `labels` is will return integer ids in `GroundingDinoProcessor.post_process_grounded_object_detection` output since v4.51.0. Use `text_labels` instead to retrieve string object names.
  warnings.warn(self.message, FutureWarning)
[30/32] Counting_Overall_counting_29 pred=295 ref=37 target=boat calls=147 backend=grounding_dino
/root/miniconda3/lib/python3.12/site-packages/transformers/models/grounding_dino/processing_grounding_dino.py:100: FutureWarning: The key `labels` is will return integer ids in `GroundingDinoProcessor.post_process_grounded_object_detection` output since v4.51.0. Use `text_labels` instead to retrieve string object names.
  warnings.warn(self.message, FutureWarning)
[31/32] Counting_Overall_counting_30 pred=49 ref=97 target=oil tank calls=26 backend=grounding_dino
/root/miniconda3/lib/python3.12/site-packages/transformers/models/grounding_dino/processing_grounding_dino.py:100: FutureWarning: The key `labels` is will return integer ids in `GroundingDinoProcessor.post_process_grounded_object_detection` output since v4.51.0. Use `text_labels` instead to retrieve string object names.
  warnings.warn(self.message, FutureWarning)
[32/32] Counting_Overall_counting_31 pred=350 ref=47 target=ship calls=152 backend=grounding_dino
{
  "num_samples": 32,
  "parsed": 32,
  "parse_rate": 1.0,
  "exact_accuracy": 0.0,
  "within1_accuracy": 0.0,
  "mae": 370.78125,
  "rmse": 477.7907818805214,
  "mean_signed_error": 348.84375,
  "elapsed_sec": 715.1557043604553,
  "backend": [
    "grounding_dino"
  ],
  "mean_detector_calls": 213.15625,
  "mean_latency_sec": 21.569242841331288,
  "gpu": {
    "device": "NVIDIA GeForce RTX 5090",
    "torch_allocated_mb": 692.0,
    "torch_max_allocated_mb": 1912.3,
    "torch_max_reserved_mb": 2224.0,
    "nvidia_smi_used_mb": 2835.0,
    "nvidia_smi_total_mb": 32607.0,
    "nvidia_smi_util": 0.0
  }
}
[2026-09-01 22:58:22] DONE xlrs_benchmark_32 exit=0
[2026-09-01 22:58:22] START experiments_xlrs_32
Some weights of the model checkpoint at /root/autodl-tmp/26揭榜挂帅-太空智算/autodl-tmp/cache/huggingface/hub/models--IDEA-Research--grounding-dino-tiny/snapshots/a2bb814dd30d776dcf7e30523b00659f4f141c71 were not used when initializing GroundingDinoForObjectDetection: ['model.decoder.layers.0.encoder_attn_text.in_proj_bias', 'model.decoder.layers.0.encoder_attn_text.in_proj_weight', 'model.decoder.layers.0.self_attn.in_proj_bias', 'model.decoder.layers.0.self_attn.in_proj_weight', 'model.decoder.layers.1.encoder_attn_text.in_proj_bias', 'model.decoder.layers.1.encoder_attn_text.in_proj_weight', 'model.decoder.layers.1.self_attn.in_proj_bias', 'model.decoder.layers.1.self_attn.in_proj_weight', 'model.decoder.layers.2.encoder_attn_text.in_proj_bias', 'model.decoder.layers.2.encoder_attn_text.in_proj_weight', 'model.decoder.layers.2.self_attn.in_proj_bias', 'model.decoder.layers.2.self_attn.in_proj_weight', 'model.decoder.layers.3.encoder_attn_text.in_proj_bias', 'model.decoder.layers.3.encoder_attn_text.in_proj_weight', 'model.decoder.layers.3.self_attn.in_proj_bias', 'model.decoder.layers.3.self_attn.in_proj_weight', 'model.decoder.layers.4.encoder_attn_text.in_proj_bias', 'model.decoder.layers.4.encoder_attn_text.in_proj_weight', 'model.decoder.layers.4.self_attn.in_proj_bias', 'model.decoder.layers.4.self_attn.in_proj_weight', 'model.decoder.layers.5.encoder_attn_text.in_proj_bias', 'model.decoder.layers.5.encoder_attn_text.in_proj_weight', 'model.decoder.layers.5.self_attn.in_proj_bias', 'model.decoder.layers.5.self_attn.in_proj_weight', 'model.encoder.layers.0.text_enhancer_layer.self_attn.in_proj_bias', 'model.encoder.layers.0.text_enhancer_layer.self_attn.in_proj_weight', 'model.encoder.layers.1.text_enhancer_layer.self_attn.in_proj_bias', 'model.encoder.layers.1.text_enhancer_layer.self_attn.in_proj_weight', 'model.encoder.layers.2.text_enhancer_layer.self_attn.in_proj_bias', 'model.encoder.layers.2.text_enhancer_layer.self_attn.in_proj_weight', 'model.encoder.layers.3.text_enhancer_layer.self_attn.in_proj_bias', 'model.encoder.layers.3.text_enhancer_layer.self_attn.in_proj_weight', 'model.encoder.layers.4.text_enhancer_layer.self_attn.in_proj_bias', 'model.encoder.layers.4.text_enhancer_layer.self_attn.in_proj_weight', 'model.encoder.layers.5.text_enhancer_layer.self_attn.in_proj_bias', 'model.encoder.layers.5.text_enhancer_layer.self_attn.in_proj_weight', 'model.text_backbone.pooler.dense.bias', 'model.text_backbone.pooler.dense.weight']
- This IS expected if you are initializing GroundingDinoForObjectDetection from the checkpoint of a model trained on another task or with another architecture (e.g. initializing a BertForSequenceClassification model from a BertForPreTraining model).
- This IS NOT expected if you are initializing GroundingDinoForObjectDetection from the checkpoint of a model that you expect to be exactly identical (initializing a BertForSequenceClassification model from a BertForSequenceClassification model).
Some weights of GroundingDinoForObjectDetection were not initialized from the model checkpoint at /root/autodl-tmp/26揭榜挂帅-太空智算/autodl-tmp/cache/huggingface/hub/models--IDEA-Research--grounding-dino-tiny/snapshots/a2bb814dd30d776dcf7e30523b00659f4f141c71 and are newly initialized: ['model.decoder.layers.0.encoder_attn_text.key.bias', 'model.decoder.layers.0.encoder_attn_text.key.weight', 'model.decoder.layers.0.encoder_attn_text.query.bias', 'model.decoder.layers.0.encoder_attn_text.query.weight', 'model.decoder.layers.0.encoder_attn_text.value.bias', 'model.decoder.layers.0.encoder_attn_text.value.weight', 'model.decoder.layers.0.self_attn.key.bias', 'model.decoder.layers.0.self_attn.key.weight', 'model.decoder.layers.0.self_attn.query.bias', 'model.decoder.layers.0.self_attn.query.weight', 'model.decoder.layers.0.self_attn.value.bias', 'model.decoder.layers.0.self_attn.value.weight', 'model.decoder.layers.1.encoder_attn_text.key.bias', 'model.decoder.layers.1.encoder_attn_text.key.weight', 'model.decoder.layers.1.encoder_attn_text.query.bias', 'model.decoder.layers.1.encoder_attn_text.query.weight', 'model.decoder.layers.1.encoder_attn_text.value.bias', 'model.decoder.layers.1.encoder_attn_text.value.weight', 'model.decoder.layers.1.self_attn.key.bias', 'model.decoder.layers.1.self_attn.key.weight', 'model.decoder.layers.1.self_attn.query.bias', 'model.decoder.layers.1.self_attn.query.weight', 'model.decoder.layers.1.self_attn.value.bias', 'model.decoder.layers.1.self_attn.value.weight', 'model.decoder.layers.2.encoder_attn_text.key.bias', 'model.decoder.layers.2.encoder_attn_text.key.weight', 'model.decoder.layers.2.encoder_attn_text.query.bias', 'model.decoder.layers.2.encoder_attn_text.query.weight', 'model.decoder.layers.2.encoder_attn_text.value.bias', 'model.decoder.layers.2.encoder_attn_text.value.weight', 'model.decoder.layers.2.self_attn.key.bias', 'model.decoder.layers.2.self_attn.key.weight', 'model.decoder.layers.2.self_attn.query.bias', 'model.decoder.layers.2.self_attn.query.weight', 'model.decoder.layers.2.self_attn.value.bias', 'model.decoder.layers.2.self_attn.value.weight', 'model.decoder.layers.3.encoder_attn_text.key.bias', 'model.decoder.layers.3.encoder_attn_text.key.weight', 'model.decoder.layers.3.encoder_attn_text.query.bias', 'model.decoder.layers.3.encoder_attn_text.query.weight', 'model.decoder.layers.3.encoder_attn_text.value.bias', 'model.decoder.layers.3.encoder_attn_text.value.weight', 'model.decoder.layers.3.self_attn.key.bias', 'model.decoder.layers.3.self_attn.key.weight', 'model.decoder.layers.3.self_attn.query.bias', 'model.decoder.layers.3.self_attn.query.weight', 'model.decoder.layers.3.self_attn.value.bias', 'model.decoder.layers.3.self_attn.value.weight', 'model.decoder.layers.4.encoder_attn_text.key.bias', 'model.decoder.layers.4.encoder_attn_text.key.weight', 'model.decoder.layers.4.encoder_attn_text.query.bias', 'model.decoder.layers.4.encoder_attn_text.query.weight', 'model.decoder.layers.4.encoder_attn_text.value.bias', 'model.decoder.layers.4.encoder_attn_text.value.weight', 'model.decoder.layers.4.self_attn.key.bias', 'model.decoder.layers.4.self_attn.key.weight', 'model.decoder.layers.4.self_attn.query.bias', 'model.decoder.layers.4.self_attn.query.weight', 'model.decoder.layers.4.self_attn.value.bias', 'model.decoder.layers.4.self_attn.value.weight', 'model.decoder.layers.5.encoder_attn_text.key.bias', 'model.decoder.layers.5.encoder_attn_text.key.weight', 'model.decoder.layers.5.encoder_attn_text.query.bias', 'model.decoder.layers.5.encoder_attn_text.query.weight', 'model.decoder.layers.5.encoder_attn_text.value.bias', 'model.decoder.layers.5.encoder_attn_text.value.weight', 'model.decoder.layers.5.self_attn.key.bias', 'model.decoder.layers.5.self_attn.key.weight', 'model.decoder.layers.5.self_attn.query.bias', 'model.decoder.layers.5.self_attn.query.weight', 'model.decoder.layers.5.self_attn.value.bias', 'model.decoder.layers.5.self_attn.value.weight', 'model.encoder.layers.0.text_enhancer_layer.self_attn.key.bias', 'model.encoder.layers.0.text_enhancer_layer.self_attn.key.weight', 'model.encoder.layers.0.text_enhancer_layer.self_attn.query.bias', 'model.encoder.layers.0.text_enhancer_layer.self_attn.query.weight', 'model.encoder.layers.0.text_enhancer_layer.self_attn.value.bias', 'model.encoder.layers.0.text_enhancer_layer.self_attn.value.weight', 'model.encoder.layers.1.text_enhancer_layer.self_attn.key.bias', 'model.encoder.layers.1.text_enhancer_layer.self_attn.key.weight', 'model.encoder.layers.1.text_enhancer_layer.self_attn.query.bias', 'model.encoder.layers.1.text_enhancer_layer.self_attn.query.weight', 'model.encoder.layers.1.text_enhancer_layer.self_attn.value.bias', 'model.encoder.layers.1.text_enhancer_layer.self_attn.value.weight', 'model.encoder.layers.2.text_enhancer_layer.self_attn.key.bias', 'model.encoder.layers.2.text_enhancer_layer.self_attn.key.weight', 'model.encoder.layers.2.text_enhancer_layer.self_attn.query.bias', 'model.encoder.layers.2.text_enhancer_layer.self_attn.query.weight', 'model.encoder.layers.2.text_enhancer_layer.self_attn.value.bias', 'model.encoder.layers.2.text_enhancer_layer.self_attn.value.weight', 'model.encoder.layers.3.text_enhancer_layer.self_attn.key.bias', 'model.encoder.layers.3.text_enhancer_layer.self_attn.key.weight', 'model.encoder.layers.3.text_enhancer_layer.self_attn.query.bias', 'model.encoder.layers.3.text_enhancer_layer.self_attn.query.weight', 'model.encoder.layers.3.text_enhancer_layer.self_attn.value.bias', 'model.encoder.layers.3.text_enhancer_layer.self_attn.value.weight', 'model.encoder.layers.4.text_enhancer_layer.self_attn.key.bias', 'model.encoder.layers.4.text_enhancer_layer.self_attn.key.weight', 'model.encoder.layers.4.text_enhancer_layer.self_attn.query.bias', 'model.encoder.layers.4.text_enhancer_layer.self_attn.query.weight', 'model.encoder.layers.4.text_enhancer_layer.self_attn.value.bias', 'model.encoder.layers.4.text_enhancer_layer.self_attn.value.weight', 'model.encoder.layers.5.text_enhancer_layer.self_attn.key.bias', 'model.encoder.layers.5.text_enhancer_layer.self_attn.key.weight', 'model.encoder.layers.5.text_enhancer_layer.self_attn.query.bias', 'model.encoder.layers.5.text_enhancer_layer.self_attn.query.weight', 'model.encoder.layers.5.text_enhancer_layer.self_attn.value.bias', 'model.encoder.layers.5.text_enhancer_layer.self_attn.value.weight']
You should probably TRAIN this model on a down-stream task to be able to use it for predictions and inference.
/root/miniconda3/lib/python3.12/site-packages/transformers/models/grounding_dino/processing_grounding_dino.py:100: FutureWarning: The key `labels` is will return integer ids in `GroundingDinoProcessor.post_process_grounded_object_detection` output since v4.51.0. Use `text_labels` instead to retrieve string object names.
  warnings.warn(self.message, FutureWarning)
[default 1/32] Counting_Overall_counting_0 pred=172 ref=153 calls=147
/root/miniconda3/lib/python3.12/site-packages/transformers/models/grounding_dino/processing_grounding_dino.py:100: FutureWarning: The key `labels` is will return integer ids in `GroundingDinoProcessor.post_process_grounded_object_detection` output since v4.51.0. Use `text_labels` instead to retrieve string object names.
  warnings.warn(self.message, FutureWarning)
[default 2/32] Counting_Overall_counting_1 pred=180 ref=9 calls=147
/root/miniconda3/lib/python3.12/site-packages/transformers/models/grounding_dino/processing_grounding_dino.py:100: FutureWarning: The key `labels` is will return integer ids in `GroundingDinoProcessor.post_process_grounded_object_detection` output since v4.51.0. Use `text_labels` instead to retrieve string object names.
  warnings.warn(self.message, FutureWarning)
[default 3/32] Counting_Overall_counting_2 pred=175 ref=44 calls=158
/root/miniconda3/lib/python3.12/site-packages/transformers/models/grounding_dino/processing_grounding_dino.py:100: FutureWarning: The key `labels` is will return integer ids in `GroundingDinoProcessor.post_process_grounded_object_detection` output since v4.51.0. Use `text_labels` instead to retrieve string object names.
  warnings.warn(self.message, FutureWarning)
[default 4/32] Counting_Overall_counting_3 pred=1107 ref=15 calls=318
/root/miniconda3/lib/python3.12/site-packages/transformers/models/grounding_dino/processing_grounding_dino.py:100: FutureWarning: The key `labels` is will return integer ids in `GroundingDinoProcessor.post_process_grounded_object_detection` output since v4.51.0. Use `text_labels` instead to retrieve string object names.
  warnings.warn(self.message, FutureWarning)
[default 5/32] Counting_Overall_counting_4 pred=1318 ref=554 calls=318
/root/miniconda3/lib/python3.12/site-packages/transformers/models/grounding_dino/processing_grounding_dino.py:100: FutureWarning: The key `labels` is will return integer ids in `GroundingDinoProcessor.post_process_grounded_object_detection` output since v4.51.0. Use `text_labels` instead to retrieve string object names.
  warnings.warn(self.message, FutureWarning)
[default 6/32] Counting_Overall_counting_5 pred=198 ref=33 calls=147
/root/miniconda3/lib/python3.12/site-packages/transformers/models/grounding_dino/processing_grounding_dino.py:100: FutureWarning: The key `labels` is will return integer ids in `GroundingDinoProcessor.post_process_grounded_object_detection` output since v4.51.0. Use `text_labels` instead to retrieve string object names.
  warnings.warn(self.message, FutureWarning)
[default 7/32] Counting_Overall_counting_6 pred=457 ref=76 calls=147
/root/miniconda3/lib/python3.12/site-packages/transformers/models/grounding_dino/processing_grounding_dino.py:100: FutureWarning: The key `labels` is will return integer ids in `GroundingDinoProcessor.post_process_grounded_object_detection` output since v4.51.0. Use `text_labels` instead to retrieve string object names.
  warnings.warn(self.message, FutureWarning)
[default 8/32] Counting_Overall_counting_7 pred=248 ref=16 calls=71
/root/miniconda3/lib/python3.12/site-packages/transformers/models/grounding_dino/processing_grounding_dino.py:100: FutureWarning: The key `labels` is will return integer ids in `GroundingDinoProcessor.post_process_grounded_object_detection` output since v4.51.0. Use `text_labels` instead to retrieve string object names.
  warnings.warn(self.message, FutureWarning)
[default 9/32] Counting_Overall_counting_8 pred=609 ref=3 calls=318
/root/miniconda3/lib/python3.12/site-packages/transformers/models/grounding_dino/processing_grounding_dino.py:100: FutureWarning: The key `labels` is will return integer ids in `GroundingDinoProcessor.post_process_grounded_object_detection` output since v4.51.0. Use `text_labels` instead to retrieve string object names.
  warnings.warn(self.message, FutureWarning)
[default 10/32] Counting_Overall_counting_9 pred=981 ref=632 calls=318
/root/miniconda3/lib/python3.12/site-packages/transformers/models/grounding_dino/processing_grounding_dino.py:100: FutureWarning: The key `labels` is will return integer ids in `GroundingDinoProcessor.post_process_grounded_object_detection` output since v4.51.0. Use `text_labels` instead to retrieve string object names.
  warnings.warn(self.message, FutureWarning)
[default 11/32] Counting_Overall_counting_10 pred=382 ref=104 calls=318
/root/miniconda3/lib/python3.12/site-packages/transformers/models/grounding_dino/processing_grounding_dino.py:100: FutureWarning: The key `labels` is will return integer ids in `GroundingDinoProcessor.post_process_grounded_object_detection` output since v4.51.0. Use `text_labels` instead to retrieve string object names.
  warnings.warn(self.message, FutureWarning)
[default 12/32] Counting_Overall_counting_11 pred=354 ref=261 calls=147
/root/miniconda3/lib/python3.12/site-packages/transformers/models/grounding_dino/processing_grounding_dino.py:100: FutureWarning: The key `labels` is will return integer ids in `GroundingDinoProcessor.post_process_grounded_object_detection` output since v4.51.0. Use `text_labels` instead to retrieve string object names.
  warnings.warn(self.message, FutureWarning)
[default 13/32] Counting_Overall_counting_12 pred=861 ref=322 calls=321
/root/miniconda3/lib/python3.12/site-packages/transformers/models/grounding_dino/processing_grounding_dino.py:100: FutureWarning: The key `labels` is will return integer ids in `GroundingDinoProcessor.post_process_grounded_object_detection` output since v4.51.0. Use `text_labels` instead to retrieve string object names.
  warnings.warn(self.message, FutureWarning)
[default 14/32] Counting_Overall_counting_13 pred=601 ref=23 calls=318
/root/miniconda3/lib/python3.12/site-packages/transformers/models/grounding_dino/processing_grounding_dino.py:100: FutureWarning: The key `labels` is will return integer ids in `GroundingDinoProcessor.post_process_grounded_object_detection` output since v4.51.0. Use `text_labels` instead to retrieve string object names.
  warnings.warn(self.message, FutureWarning)
[default 15/32] Counting_Overall_counting_14 pred=499 ref=761 calls=147
/root/miniconda3/lib/python3.12/site-packages/transformers/models/grounding_dino/processing_grounding_dino.py:100: FutureWarning: The key `labels` is will return integer ids in `GroundingDinoProcessor.post_process_grounded_object_detection` output since v4.51.0. Use `text_labels` instead to retrieve string object names.
  warnings.warn(self.message, FutureWarning)
[default 16/32] Counting_Overall_counting_15 pred=78 ref=19 calls=31
/root/miniconda3/lib/python3.12/site-packages/transformers/models/grounding_dino/processing_grounding_dino.py:100: FutureWarning: The key `labels` is will return integer ids in `GroundingDinoProcessor.post_process_grounded_object_detection` output since v4.51.0. Use `text_labels` instead to retrieve string object names.
  warnings.warn(self.message, FutureWarning)
[default 17/32] Counting_Overall_counting_16 pred=788 ref=7 calls=318
/root/miniconda3/lib/python3.12/site-packages/transformers/models/grounding_dino/processing_grounding_dino.py:100: FutureWarning: The key `labels` is will return integer ids in `GroundingDinoProcessor.post_process_grounded_object_detection` output since v4.51.0. Use `text_labels` instead to retrieve string object names.
  warnings.warn(self.message, FutureWarning)
[default 18/32] Counting_Overall_counting_17 pred=609 ref=185 calls=321
/root/miniconda3/lib/python3.12/site-packages/transformers/models/grounding_dino/processing_grounding_dino.py:100: FutureWarning: The key `labels` is will return integer ids in `GroundingDinoProcessor.post_process_grounded_object_detection` output since v4.51.0. Use `text_labels` instead to retrieve string object names.
  warnings.warn(self.message, FutureWarning)
[default 19/32] Counting_Overall_counting_18 pred=1393 ref=9 calls=846
/root/miniconda3/lib/python3.12/site-packages/transformers/models/grounding_dino/processing_grounding_dino.py:100: FutureWarning: The key `labels` is will return integer ids in `GroundingDinoProcessor.post_process_grounded_object_detection` output since v4.51.0. Use `text_labels` instead to retrieve string object names.
  warnings.warn(self.message, FutureWarning)
[default 20/32] Counting_Overall_counting_19 pred=402 ref=124 calls=321
/root/miniconda3/lib/python3.12/site-packages/transformers/models/grounding_dino/processing_grounding_dino.py:100: FutureWarning: The key `labels` is will return integer ids in `GroundingDinoProcessor.post_process_grounded_object_detection` output since v4.51.0. Use `text_labels` instead to retrieve string object names.
  warnings.warn(self.message, FutureWarning)
[default 21/32] Counting_Overall_counting_20 pred=576 ref=254 calls=321
/root/miniconda3/lib/python3.12/site-packages/transformers/models/grounding_dino/processing_grounding_dino.py:100: FutureWarning: The key `labels` is will return integer ids in `GroundingDinoProcessor.post_process_grounded_object_detection` output since v4.51.0. Use `text_labels` instead to retrieve string object names.
  warnings.warn(self.message, FutureWarning)
[default 22/32] Counting_Overall_counting_21 pred=324 ref=8 calls=147
/root/miniconda3/lib/python3.12/site-packages/transformers/models/grounding_dino/processing_grounding_dino.py:100: FutureWarning: The key `labels` is will return integer ids in `GroundingDinoProcessor.post_process_grounded_object_detection` output since v4.51.0. Use `text_labels` instead to retrieve string object names.
  warnings.warn(self.message, FutureWarning)
[default 23/32] Counting_Overall_counting_22 pred=482 ref=15 calls=71
/root/miniconda3/lib/python3.12/site-packages/transformers/models/grounding_dino/processing_grounding_dino.py:100: FutureWarning: The key `labels` is will return integer ids in `GroundingDinoProcessor.post_process_grounded_object_detection` output since v4.51.0. Use `text_labels` instead to retrieve string object names.
  warnings.warn(self.message, FutureWarning)
[default 24/32] Counting_Overall_counting_23 pred=731 ref=322 calls=318
/root/miniconda3/lib/python3.12/site-packages/transformers/models/grounding_dino/processing_grounding_dino.py:100: FutureWarning: The key `labels` is will return integer ids in `GroundingDinoProcessor.post_process_grounded_object_detection` output since v4.51.0. Use `text_labels` instead to retrieve string object names.
  warnings.warn(self.message, FutureWarning)
[default 25/32] Counting_Overall_counting_24 pred=334 ref=235 calls=147
/root/miniconda3/lib/python3.12/site-packages/transformers/models/grounding_dino/processing_grounding_dino.py:100: FutureWarning: The key `labels` is will return integer ids in `GroundingDinoProcessor.post_process_grounded_object_detection` output since v4.51.0. Use `text_labels` instead to retrieve string object names.
  warnings.warn(self.message, FutureWarning)
[default 26/32] Counting_Overall_counting_25 pred=103 ref=8 calls=26
/root/miniconda3/lib/python3.12/site-packages/transformers/models/grounding_dino/processing_grounding_dino.py:100: FutureWarning: The key `labels` is will return integer ids in `GroundingDinoProcessor.post_process_grounded_object_detection` output since v4.51.0. Use `text_labels` instead to retrieve string object names.
  warnings.warn(self.message, FutureWarning)
[default 27/32] Counting_Overall_counting_26 pred=413 ref=14 calls=71
/root/miniconda3/lib/python3.12/site-packages/transformers/models/grounding_dino/processing_grounding_dino.py:100: FutureWarning: The key `labels` is will return integer ids in `GroundingDinoProcessor.post_process_grounded_object_detection` output since v4.51.0. Use `text_labels` instead to retrieve string object names.
  warnings.warn(self.message, FutureWarning)
[default 28/32] Counting_Overall_counting_27 pred=277 ref=318 calls=147
/root/miniconda3/lib/python3.12/site-packages/transformers/models/grounding_dino/processing_grounding_dino.py:100: FutureWarning: The key `labels` is will return integer ids in `GroundingDinoProcessor.post_process_grounded_object_detection` output since v4.51.0. Use `text_labels` instead to retrieve string object names.
  warnings.warn(self.message, FutureWarning)
[default 29/32] Counting_Overall_counting_28 pred=535 ref=13 calls=71
/root/miniconda3/lib/python3.12/site-packages/transformers/models/grounding_dino/processing_grounding_dino.py:100: FutureWarning: The key `labels` is will return integer ids in `GroundingDinoProcessor.post_process_grounded_object_detection` output since v4.51.0. Use `text_labels` instead to retrieve string object names.
  warnings.warn(self.message, FutureWarning)
[default 30/32] Counting_Overall_counting_29 pred=295 ref=37 calls=147
/root/miniconda3/lib/python3.12/site-packages/transformers/models/grounding_dino/processing_grounding_dino.py:100: FutureWarning: The key `labels` is will return integer ids in `GroundingDinoProcessor.post_process_grounded_object_detection` output since v4.51.0. Use `text_labels` instead to retrieve string object names.
  warnings.warn(self.message, FutureWarning)
[default 31/32] Counting_Overall_counting_30 pred=49 ref=97 calls=26
/root/miniconda3/lib/python3.12/site-packages/transformers/models/grounding_dino/processing_grounding_dino.py:100: FutureWarning: The key `labels` is will return integer ids in `GroundingDinoProcessor.post_process_grounded_object_detection` output since v4.51.0. Use `text_labels` instead to retrieve string object names.
  warnings.warn(self.message, FutureWarning)
[default 32/32] Counting_Overall_counting_31 pred=350 ref=47 calls=152
/root/miniconda3/lib/python3.12/site-packages/transformers/models/grounding_dino/processing_grounding_dino.py:100: FutureWarning: The key `labels` is will return integer ids in `GroundingDinoProcessor.post_process_grounded_object_detection` output since v4.51.0. Use `text_labels` instead to retrieve string object names.
  warnings.warn(self.message, FutureWarning)
[scale 1333 1/32] Counting_Overall_counting_0 pred=168 ref=153
/root/miniconda3/lib/python3.12/site-packages/transformers/models/grounding_dino/processing_grounding_dino.py:100: FutureWarning: The key `labels` is will return integer ids in `GroundingDinoProcessor.post_process_grounded_object_detection` output since v4.51.0. Use `text_labels` instead to retrieve string object names.
  warnings.warn(self.message, FutureWarning)
[scale 1333 2/32] Counting_Overall_counting_1 pred=176 ref=9
/root/miniconda3/lib/python3.12/site-packages/transformers/models/grounding_dino/processing_grounding_dino.py:100: FutureWarning: The key `labels` is will return integer ids in `GroundingDinoProcessor.post_process_grounded_object_detection` output since v4.51.0. Use `text_labels` instead to retrieve string object names.
  warnings.warn(self.message, FutureWarning)
[scale 1333 3/32] Counting_Overall_counting_2 pred=174 ref=44
/root/miniconda3/lib/python3.12/site-packages/transformers/models/grounding_dino/processing_grounding_dino.py:100: FutureWarning: The key `labels` is will return integer ids in `GroundingDinoProcessor.post_process_grounded_object_detection` output since v4.51.0. Use `text_labels` instead to retrieve string object names.
  warnings.warn(self.message, FutureWarning)
[scale 1333 4/32] Counting_Overall_counting_3 pred=1100 ref=15
/root/miniconda3/lib/python3.12/site-packages/transformers/models/grounding_dino/processing_grounding_dino.py:100: FutureWarning: The key `labels` is will return integer ids in `GroundingDinoProcessor.post_process_grounded_object_detection` output since v4.51.0. Use `text_labels` instead to retrieve string object names.
  warnings.warn(self.message, FutureWarning)
[scale 1333 5/32] Counting_Overall_counting_4 pred=1333 ref=554
/root/miniconda3/lib/python3.12/site-packages/transformers/models/grounding_dino/processing_grounding_dino.py:100: FutureWarning: The key `labels` is will return integer ids in `GroundingDinoProcessor.post_process_grounded_object_detection` output since v4.51.0. Use `text_labels` instead to retrieve string object names.
  warnings.warn(self.message, FutureWarning)
[scale 1333 6/32] Counting_Overall_counting_5 pred=193 ref=33
/root/miniconda3/lib/python3.12/site-packages/transformers/models/grounding_dino/processing_grounding_dino.py:100: FutureWarning: The key `labels` is will return integer ids in `GroundingDinoProcessor.post_process_grounded_object_detection` output since v4.51.0. Use `text_labels` instead to retrieve string object names.
  warnings.warn(self.message, FutureWarning)
[scale 1333 7/32] Counting_Overall_counting_6 pred=458 ref=76
/root/miniconda3/lib/python3.12/site-packages/transformers/models/grounding_dino/processing_grounding_dino.py:100: FutureWarning: The key `labels` is will return integer ids in `GroundingDinoProcessor.post_process_grounded_object_detection` output since v4.51.0. Use `text_labels` instead to retrieve string object names.
  warnings.warn(self.message, FutureWarning)
[scale 1333 8/32] Counting_Overall_counting_7 pred=236 ref=16
/root/miniconda3/lib/python3.12/site-packages/transformers/models/grounding_dino/processing_grounding_dino.py:100: FutureWarning: The key `labels` is will return integer ids in `GroundingDinoProcessor.post_process_grounded_object_detection` output since v4.51.0. Use `text_labels` instead to retrieve string object names.
  warnings.warn(self.message, FutureWarning)
[scale 1333 9/32] Counting_Overall_counting_8 pred=614 ref=3
/root/miniconda3/lib/python3.12/site-packages/transformers/models/grounding_dino/processing_grounding_dino.py:100: FutureWarning: The key `labels` is will return integer ids in `GroundingDinoProcessor.post_process_grounded_object_detection` output since v4.51.0. Use `text_labels` instead to retrieve string object names.
  warnings.warn(self.message, FutureWarning)
[scale 1333 10/32] Counting_Overall_counting_9 pred=984 ref=632
/root/miniconda3/lib/python3.12/site-packages/transformers/models/grounding_dino/processing_grounding_dino.py:100: FutureWarning: The key `labels` is will return integer ids in `GroundingDinoProcessor.post_process_grounded_object_detection` output since v4.51.0. Use `text_labels` instead to retrieve string object names.
  warnings.warn(self.message, FutureWarning)
[scale 1333 11/32] Counting_Overall_counting_10 pred=387 ref=104
/root/miniconda3/lib/python3.12/site-packages/transformers/models/grounding_dino/processing_grounding_dino.py:100: FutureWarning: The key `labels` is will return integer ids in `GroundingDinoProcessor.post_process_grounded_object_detection` output since v4.51.0. Use `text_labels` instead to retrieve string object names.
  warnings.warn(self.message, FutureWarning)
[scale 1333 12/32] Counting_Overall_counting_11 pred=351 ref=261
/root/miniconda3/lib/python3.12/site-packages/transformers/models/grounding_dino/processing_grounding_dino.py:100: FutureWarning: The key `labels` is will return integer ids in `GroundingDinoProcessor.post_process_grounded_object_detection` output since v4.51.0. Use `text_labels` instead to retrieve string object names.
  warnings.warn(self.message, FutureWarning)
[scale 1333 13/32] Counting_Overall_counting_12 pred=877 ref=322
/root/miniconda3/lib/python3.12/site-packages/transformers/models/grounding_dino/processing_grounding_dino.py:100: FutureWarning: The key `labels` is will return integer ids in `GroundingDinoProcessor.post_process_grounded_object_detection` output since v4.51.0. Use `text_labels` instead to retrieve string object names.
  warnings.warn(self.message, FutureWarning)
[scale 1333 14/32] Counting_Overall_counting_13 pred=604 ref=23
/root/miniconda3/lib/python3.12/site-packages/transformers/models/grounding_dino/processing_grounding_dino.py:100: FutureWarning: The key `labels` is will return integer ids in `GroundingDinoProcessor.post_process_grounded_object_detection` output since v4.51.0. Use `text_labels` instead to retrieve string object names.
  warnings.warn(self.message, FutureWarning)
[scale 1333 15/32] Counting_Overall_counting_14 pred=502 ref=761
/root/miniconda3/lib/python3.12/site-packages/transformers/models/grounding_dino/processing_grounding_dino.py:100: FutureWarning: The key `labels` is will return integer ids in `GroundingDinoProcessor.post_process_grounded_object_detection` output since v4.51.0. Use `text_labels` instead to retrieve string object names.
  warnings.warn(self.message, FutureWarning)
[scale 1333 16/32] Counting_Overall_counting_15 pred=78 ref=19
/root/miniconda3/lib/python3.12/site-packages/transformers/models/grounding_dino/processing_grounding_dino.py:100: FutureWarning: The key `labels` is will return integer ids in `GroundingDinoProcessor.post_process_grounded_object_detection` output since v4.51.0. Use `text_labels` instead to retrieve string object names.
  warnings.warn(self.message, FutureWarning)
[scale 1333 17/32] Counting_Overall_counting_16 pred=781 ref=7
/root/miniconda3/lib/python3.12/site-packages/transformers/models/grounding_dino/processing_grounding_dino.py:100: FutureWarning: The key `labels` is will return integer ids in `GroundingDinoProcessor.post_process_grounded_object_detection` output since v4.51.0. Use `text_labels` instead to retrieve string object names.
  warnings.warn(self.message, FutureWarning)
[scale 1333 18/32] Counting_Overall_counting_17 pred=609 ref=185
/root/miniconda3/lib/python3.12/site-packages/transformers/models/grounding_dino/processing_grounding_dino.py:100: FutureWarning: The key `labels` is will return integer ids in `GroundingDinoProcessor.post_process_grounded_object_detection` output since v4.51.0. Use `text_labels` instead to retrieve string object names.
  warnings.warn(self.message, FutureWarning)
[scale 1333 19/32] Counting_Overall_counting_18 pred=1380 ref=9
/root/miniconda3/lib/python3.12/site-packages/transformers/models/grounding_dino/processing_grounding_dino.py:100: FutureWarning: The key `labels` is will return integer ids in `GroundingDinoProcessor.post_process_grounded_object_detection` output since v4.51.0. Use `text_labels` instead to retrieve string object names.
  warnings.warn(self.message, FutureWarning)
[scale 1333 20/32] Counting_Overall_counting_19 pred=405 ref=124
/root/miniconda3/lib/python3.12/site-packages/transformers/models/grounding_dino/processing_grounding_dino.py:100: FutureWarning: The key `labels` is will return integer ids in `GroundingDinoProcessor.post_process_grounded_object_detection` output since v4.51.0. Use `text_labels` instead to retrieve string object names.
  warnings.warn(self.message, FutureWarning)
[scale 1333 21/32] Counting_Overall_counting_20 pred=576 ref=254
/root/miniconda3/lib/python3.12/site-packages/transformers/models/grounding_dino/processing_grounding_dino.py:100: FutureWarning: The key `labels` is will return integer ids in `GroundingDinoProcessor.post_process_grounded_object_detection` output since v4.51.0. Use `text_labels` instead to retrieve string object names.
  warnings.warn(self.message, FutureWarning)
[scale 1333 22/32] Counting_Overall_counting_21 pred=322 ref=8
/root/miniconda3/lib/python3.12/site-packages/transformers/models/grounding_dino/processing_grounding_dino.py:100: FutureWarning: The key `labels` is will return integer ids in `GroundingDinoProcessor.post_process_grounded_object_detection` output since v4.51.0. Use `text_labels` instead to retrieve string object names.
  warnings.warn(self.message, FutureWarning)
[scale 1333 23/32] Counting_Overall_counting_22 pred=493 ref=15
/root/miniconda3/lib/python3.12/site-packages/transformers/models/grounding_dino/processing_grounding_dino.py:100: FutureWarning: The key `labels` is will return integer ids in `GroundingDinoProcessor.post_process_grounded_object_detection` output since v4.51.0. Use `text_labels` instead to retrieve string object names.
  warnings.warn(self.message, FutureWarning)
[scale 1333 24/32] Counting_Overall_counting_23 pred=743 ref=322
/root/miniconda3/lib/python3.12/site-packages/transformers/models/grounding_dino/processing_grounding_dino.py:100: FutureWarning: The key `labels` is will return integer ids in `GroundingDinoProcessor.post_process_grounded_object_detection` output since v4.51.0. Use `text_labels` instead to retrieve string object names.
  warnings.warn(self.message, FutureWarning)
[scale 1333 25/32] Counting_Overall_counting_24 pred=337 ref=235
/root/miniconda3/lib/python3.12/site-packages/transformers/models/grounding_dino/processing_grounding_dino.py:100: FutureWarning: The key `labels` is will return integer ids in `GroundingDinoProcessor.post_process_grounded_object_detection` output since v4.51.0. Use `text_labels` instead to retrieve string object names.
  warnings.warn(self.message, FutureWarning)
[scale 1333 26/32] Counting_Overall_counting_25 pred=101 ref=8
/root/miniconda3/lib/python3.12/site-packages/transformers/models/grounding_dino/processing_grounding_dino.py:100: FutureWarning: The key `labels` is will return integer ids in `GroundingDinoProcessor.post_process_grounded_object_detection` output since v4.51.0. Use `text_labels` instead to retrieve string object names.
  warnings.warn(self.message, FutureWarning)
[scale 1333 27/32] Counting_Overall_counting_26 pred=422 ref=14
/root/miniconda3/lib/python3.12/site-packages/transformers/models/grounding_dino/processing_grounding_dino.py:100: FutureWarning: The key `labels` is will return integer ids in `GroundingDinoProcessor.post_process_grounded_object_detection` output since v4.51.0. Use `text_labels` instead to retrieve string object names.
  warnings.warn(self.message, FutureWarning)
[scale 1333 28/32] Counting_Overall_counting_27 pred=276 ref=318
/root/miniconda3/lib/python3.12/site-packages/transformers/models/grounding_dino/processing_grounding_dino.py:100: FutureWarning: The key `labels` is will return integer ids in `GroundingDinoProcessor.post_process_grounded_object_detection` output since v4.51.0. Use `text_labels` instead to retrieve string object names.
  warnings.warn(self.message, FutureWarning)
[scale 1333 29/32] Counting_Overall_counting_28 pred=557 ref=13
/root/miniconda3/lib/python3.12/site-packages/transformers/models/grounding_dino/processing_grounding_dino.py:100: FutureWarning: The key `labels` is will return integer ids in `GroundingDinoProcessor.post_process_grounded_object_detection` output since v4.51.0. Use `text_labels` instead to retrieve string object names.
  warnings.warn(self.message, FutureWarning)
[scale 1333 30/32] Counting_Overall_counting_29 pred=294 ref=37
/root/miniconda3/lib/python3.12/site-packages/transformers/models/grounding_dino/processing_grounding_dino.py:100: FutureWarning: The key `labels` is will return integer ids in `GroundingDinoProcessor.post_process_grounded_object_detection` output since v4.51.0. Use `text_labels` instead to retrieve string object names.
  warnings.warn(self.message, FutureWarning)
[scale 1333 31/32] Counting_Overall_counting_30 pred=50 ref=97
/root/miniconda3/lib/python3.12/site-packages/transformers/models/grounding_dino/processing_grounding_dino.py:100: FutureWarning: The key `labels` is will return integer ids in `GroundingDinoProcessor.post_process_grounded_object_detection` output since v4.51.0. Use `text_labels` instead to retrieve string object names.
  warnings.warn(self.message, FutureWarning)
[scale 1333 32/32] Counting_Overall_counting_31 pred=354 ref=47
/root/miniconda3/lib/python3.12/site-packages/transformers/models/grounding_dino/processing_grounding_dino.py:100: FutureWarning: The key `labels` is will return integer ids in `GroundingDinoProcessor.post_process_grounded_object_detection` output since v4.51.0. Use `text_labels` instead to retrieve string object names.
  warnings.warn(self.message, FutureWarning)
[scale 896 1/32] Counting_Overall_counting_0 pred=168 ref=153
/root/miniconda3/lib/python3.12/site-packages/transformers/models/grounding_dino/processing_grounding_dino.py:100: FutureWarning: The key `labels` is will return integer ids in `GroundingDinoProcessor.post_process_grounded_object_detection` output since v4.51.0. Use `text_labels` instead to retrieve string object names.
  warnings.warn(self.message, FutureWarning)
[scale 896 2/32] Counting_Overall_counting_1 pred=180 ref=9
/root/miniconda3/lib/python3.12/site-packages/transformers/models/grounding_dino/processing_grounding_dino.py:100: FutureWarning: The key `labels` is will return integer ids in `GroundingDinoProcessor.post_process_grounded_object_detection` output since v4.51.0. Use `text_labels` instead to retrieve string object names.
  warnings.warn(self.message, FutureWarning)
[scale 896 3/32] Counting_Overall_counting_2 pred=169 ref=44
/root/miniconda3/lib/python3.12/site-packages/transformers/models/grounding_dino/processing_grounding_dino.py:100: FutureWarning: The key `labels` is will return integer ids in `GroundingDinoProcessor.post_process_grounded_object_detection` output since v4.51.0. Use `text_labels` instead to retrieve string object names.
  warnings.warn(self.message, FutureWarning)
[scale 896 4/32] Counting_Overall_counting_3 pred=1100 ref=15
/root/miniconda3/lib/python3.12/site-packages/transformers/models/grounding_dino/processing_grounding_dino.py:100: FutureWarning: The key `labels` is will return integer ids in `GroundingDinoProcessor.post_process_grounded_object_detection` output since v4.51.0. Use `text_labels` instead to retrieve string object names.
  warnings.warn(self.message, FutureWarning)
[scale 896 5/32] Counting_Overall_counting_4 pred=1315 ref=554
/root/miniconda3/lib/python3.12/site-packages/transformers/models/grounding_dino/processing_grounding_dino.py:100: FutureWarning: The key `labels` is will return integer ids in `GroundingDinoProcessor.post_process_grounded_object_detection` output since v4.51.0. Use `text_labels` instead to retrieve string object names.
  warnings.warn(self.message, FutureWarning)
[scale 896 6/32] Counting_Overall_counting_5 pred=193 ref=33
/root/miniconda3/lib/python3.12/site-packages/transformers/models/grounding_dino/processing_grounding_dino.py:100: FutureWarning: The key `labels` is will return integer ids in `GroundingDinoProcessor.post_process_grounded_object_detection` output since v4.51.0. Use `text_labels` instead to retrieve string object names.
  warnings.warn(self.message, FutureWarning)
[scale 896 7/32] Counting_Overall_counting_6 pred=458 ref=76
/root/miniconda3/lib/python3.12/site-packages/transformers/models/grounding_dino/processing_grounding_dino.py:100: FutureWarning: The key `labels` is will return integer ids in `GroundingDinoProcessor.post_process_grounded_object_detection` output since v4.51.0. Use `text_labels` instead to retrieve string object names.
  warnings.warn(self.message, FutureWarning)
[scale 896 8/32] Counting_Overall_counting_7 pred=237 ref=16
/root/miniconda3/lib/python3.12/site-packages/transformers/models/grounding_dino/processing_grounding_dino.py:100: FutureWarning: The key `labels` is will return integer ids in `GroundingDinoProcessor.post_process_grounded_object_detection` output since v4.51.0. Use `text_labels` instead to retrieve string object names.
  warnings.warn(self.message, FutureWarning)
[scale 896 9/32] Counting_Overall_counting_8 pred=614 ref=3
/root/miniconda3/lib/python3.12/site-packages/transformers/models/grounding_dino/processing_grounding_dino.py:100: FutureWarning: The key `labels` is will return integer ids in `GroundingDinoProcessor.post_process_grounded_object_detection` output since v4.51.0. Use `text_labels` instead to retrieve string object names.
  warnings.warn(self.message, FutureWarning)
[scale 896 10/32] Counting_Overall_counting_9 pred=978 ref=632
/root/miniconda3/lib/python3.12/site-packages/transformers/models/grounding_dino/processing_grounding_dino.py:100: FutureWarning: The key `labels` is will return integer ids in `GroundingDinoProcessor.post_process_grounded_object_detection` output since v4.51.0. Use `text_labels` instead to retrieve string object names.
  warnings.warn(self.message, FutureWarning)
[scale 896 11/32] Counting_Overall_counting_10 pred=380 ref=104
/root/miniconda3/lib/python3.12/site-packages/transformers/models/grounding_dino/processing_grounding_dino.py:100: FutureWarning: The key `labels` is will return integer ids in `GroundingDinoProcessor.post_process_grounded_object_detection` output since v4.51.0. Use `text_labels` instead to retrieve string object names.
  warnings.warn(self.message, FutureWarning)
[scale 896 12/32] Counting_Overall_counting_11 pred=352 ref=261
/root/miniconda3/lib/python3.12/site-packages/transformers/models/grounding_dino/processing_grounding_dino.py:100: FutureWarning: The key `labels` is will return integer ids in `GroundingDinoProcessor.post_process_grounded_object_detection` output since v4.51.0. Use `text_labels` instead to retrieve string object names.
  warnings.warn(self.message, FutureWarning)
[scale 896 13/32] Counting_Overall_counting_12 pred=872 ref=322
/root/miniconda3/lib/python3.12/site-packages/transformers/models/grounding_dino/processing_grounding_dino.py:100: FutureWarning: The key `labels` is will return integer ids in `GroundingDinoProcessor.post_process_grounded_object_detection` output since v4.51.0. Use `text_labels` instead to retrieve string object names.
  warnings.warn(self.message, FutureWarning)
[scale 896 14/32] Counting_Overall_counting_13 pred=615 ref=23
/root/miniconda3/lib/python3.12/site-packages/transformers/models/grounding_dino/processing_grounding_dino.py:100: FutureWarning: The key `labels` is will return integer ids in `GroundingDinoProcessor.post_process_grounded_object_detection` output since v4.51.0. Use `text_labels` instead to retrieve string object names.
  warnings.warn(self.message, FutureWarning)
[scale 896 15/32] Counting_Overall_counting_14 pred=490 ref=761
/root/miniconda3/lib/python3.12/site-packages/transformers/models/grounding_dino/processing_grounding_dino.py:100: FutureWarning: The key `labels` is will return integer ids in `GroundingDinoProcessor.post_process_grounded_object_detection` output since v4.51.0. Use `text_labels` instead to retrieve string object names.
  warnings.warn(self.message, FutureWarning)
[scale 896 16/32] Counting_Overall_counting_15 pred=75 ref=19
/root/miniconda3/lib/python3.12/site-packages/transformers/models/grounding_dino/processing_grounding_dino.py:100: FutureWarning: The key `labels` is will return integer ids in `GroundingDinoProcessor.post_process_grounded_object_detection` output since v4.51.0. Use `text_labels` instead to retrieve string object names.
  warnings.warn(self.message, FutureWarning)
[scale 896 17/32] Counting_Overall_counting_16 pred=782 ref=7
/root/miniconda3/lib/python3.12/site-packages/transformers/models/grounding_dino/processing_grounding_dino.py:100: FutureWarning: The key `labels` is will return integer ids in `GroundingDinoProcessor.post_process_grounded_object_detection` output since v4.51.0. Use `text_labels` instead to retrieve string object names.
  warnings.warn(self.message, FutureWarning)
[scale 896 18/32] Counting_Overall_counting_17 pred=613 ref=185
/root/miniconda3/lib/python3.12/site-packages/transformers/models/grounding_dino/processing_grounding_dino.py:100: FutureWarning: The key `labels` is will return integer ids in `GroundingDinoProcessor.post_process_grounded_object_detection` output since v4.51.0. Use `text_labels` instead to retrieve string object names.
  warnings.warn(self.message, FutureWarning)
[scale 896 19/32] Counting_Overall_counting_18 pred=1397 ref=9
/root/miniconda3/lib/python3.12/site-packages/transformers/models/grounding_dino/processing_grounding_dino.py:100: FutureWarning: The key `labels` is will return integer ids in `GroundingDinoProcessor.post_process_grounded_object_detection` output since v4.51.0. Use `text_labels` instead to retrieve string object names.
  warnings.warn(self.message, FutureWarning)
[scale 896 20/32] Counting_Overall_counting_19 pred=409 ref=124
/root/miniconda3/lib/python3.12/site-packages/transformers/models/grounding_dino/processing_grounding_dino.py:100: FutureWarning: The key `labels` is will return integer ids in `GroundingDinoProcessor.post_process_grounded_object_detection` output since v4.51.0. Use `text_labels` instead to retrieve string object names.
  warnings.warn(self.message, FutureWarning)
[scale 896 21/32] Counting_Overall_counting_20 pred=581 ref=254
/root/miniconda3/lib/python3.12/site-packages/transformers/models/grounding_dino/processing_grounding_dino.py:100: FutureWarning: The key `labels` is will return integer ids in `GroundingDinoProcessor.post_process_grounded_object_detection` output since v4.51.0. Use `text_labels` instead to retrieve string object names.
  warnings.warn(self.message, FutureWarning)
[scale 896 22/32] Counting_Overall_counting_21 pred=317 ref=8
/root/miniconda3/lib/python3.12/site-packages/transformers/models/grounding_dino/processing_grounding_dino.py:100: FutureWarning: The key `labels` is will return integer ids in `GroundingDinoProcessor.post_process_grounded_object_detection` output since v4.51.0. Use `text_labels` instead to retrieve string object names.
  warnings.warn(self.message, FutureWarning)
[scale 896 23/32] Counting_Overall_counting_22 pred=495 ref=15
/root/miniconda3/lib/python3.12/site-packages/transformers/models/grounding_dino/processing_grounding_dino.py:100: FutureWarning: The key `labels` is will return integer ids in `GroundingDinoProcessor.post_process_grounded_object_detection` output since v4.51.0. Use `text_labels` instead to retrieve string object names.
  warnings.warn(self.message, FutureWarning)
[scale 896 24/32] Counting_Overall_counting_23 pred=742 ref=322
/root/miniconda3/lib/python3.12/site-packages/transformers/models/grounding_dino/processing_grounding_dino.py:100: FutureWarning: The key `labels` is will return integer ids in `GroundingDinoProcessor.post_process_grounded_object_detection` output since v4.51.0. Use `text_labels` instead to retrieve string object names.
  warnings.warn(self.message, FutureWarning)
[scale 896 25/32] Counting_Overall_counting_24 pred=342 ref=235
/root/miniconda3/lib/python3.12/site-packages/transformers/models/grounding_dino/processing_grounding_dino.py:100: FutureWarning: The key `labels` is will return integer ids in `GroundingDinoProcessor.post_process_grounded_object_detection` output since v4.51.0. Use `text_labels` instead to retrieve string object names.
  warnings.warn(self.message, FutureWarning)
[scale 896 26/32] Counting_Overall_counting_25 pred=101 ref=8
/root/miniconda3/lib/python3.12/site-packages/transformers/models/grounding_dino/processing_grounding_dino.py:100: FutureWarning: The key `labels` is will return integer ids in `GroundingDinoProcessor.post_process_grounded_object_detection` output since v4.51.0. Use `text_labels` instead to retrieve string object names.
  warnings.warn(self.message, FutureWarning)
[scale 896 27/32] Counting_Overall_counting_26 pred=422 ref=14
/root/miniconda3/lib/python3.12/site-packages/transformers/models/grounding_dino/processing_grounding_dino.py:100: FutureWarning: The key `labels` is will return integer ids in `GroundingDinoProcessor.post_process_grounded_object_detection` output since v4.51.0. Use `text_labels` instead to retrieve string object names.
  warnings.warn(self.message, FutureWarning)
[scale 896 28/32] Counting_Overall_counting_27 pred=275 ref=318
/root/miniconda3/lib/python3.12/site-packages/transformers/models/grounding_dino/processing_grounding_dino.py:100: FutureWarning: The key `labels` is will return integer ids in `GroundingDinoProcessor.post_process_grounded_object_detection` output since v4.51.0. Use `text_labels` instead to retrieve string object names.
  warnings.warn(self.message, FutureWarning)
[scale 896 29/32] Counting_Overall_counting_28 pred=569 ref=13
/root/miniconda3/lib/python3.12/site-packages/transformers/models/grounding_dino/processing_grounding_dino.py:100: FutureWarning: The key `labels` is will return integer ids in `GroundingDinoProcessor.post_process_grounded_object_detection` output since v4.51.0. Use `text_labels` instead to retrieve string object names.
  warnings.warn(self.message, FutureWarning)
[scale 896 30/32] Counting_Overall_counting_29 pred=300 ref=37
/root/miniconda3/lib/python3.12/site-packages/transformers/models/grounding_dino/processing_grounding_dino.py:100: FutureWarning: The key `labels` is will return integer ids in `GroundingDinoProcessor.post_process_grounded_object_detection` output since v4.51.0. Use `text_labels` instead to retrieve string object names.
  warnings.warn(self.message, FutureWarning)
[scale 896 31/32] Counting_Overall_counting_30 pred=49 ref=97
/root/miniconda3/lib/python3.12/site-packages/transformers/models/grounding_dino/processing_grounding_dino.py:100: FutureWarning: The key `labels` is will return integer ids in `GroundingDinoProcessor.post_process_grounded_object_detection` output since v4.51.0. Use `text_labels` instead to retrieve string object names.
  warnings.warn(self.message, FutureWarning)
[scale 896 32/32] Counting_Overall_counting_31 pred=360 ref=47
/root/miniconda3/lib/python3.12/site-packages/transformers/models/grounding_dino/processing_grounding_dino.py:100: FutureWarning: The key `labels` is will return integer ids in `GroundingDinoProcessor.post_process_grounded_object_detection` output since v4.51.0. Use `text_labels` instead to retrieve string object names.
  warnings.warn(self.message, FutureWarning)
[global_only 1/32] Counting_Overall_counting_0 pred=16 ref=153
/root/miniconda3/lib/python3.12/site-packages/transformers/models/grounding_dino/processing_grounding_dino.py:100: FutureWarning: The key `labels` is will return integer ids in `GroundingDinoProcessor.post_process_grounded_object_detection` output since v4.51.0. Use `text_labels` instead to retrieve string object names.
  warnings.warn(self.message, FutureWarning)
[global_only 2/32] Counting_Overall_counting_1 pred=5 ref=9
/root/miniconda3/lib/python3.12/site-packages/transformers/models/grounding_dino/processing_grounding_dino.py:100: FutureWarning: The key `labels` is will return integer ids in `GroundingDinoProcessor.post_process_grounded_object_detection` output since v4.51.0. Use `text_labels` instead to retrieve string object names.
  warnings.warn(self.message, FutureWarning)
[global_only 3/32] Counting_Overall_counting_2 pred=9 ref=44
/root/miniconda3/lib/python3.12/site-packages/transformers/models/grounding_dino/processing_grounding_dino.py:100: FutureWarning: The key `labels` is will return integer ids in `GroundingDinoProcessor.post_process_grounded_object_detection` output since v4.51.0. Use `text_labels` instead to retrieve string object names.
  warnings.warn(self.message, FutureWarning)
[global_only 4/32] Counting_Overall_counting_3 pred=18 ref=15
/root/miniconda3/lib/python3.12/site-packages/transformers/models/grounding_dino/processing_grounding_dino.py:100: FutureWarning: The key `labels` is will return integer ids in `GroundingDinoProcessor.post_process_grounded_object_detection` output since v4.51.0. Use `text_labels` instead to retrieve string object names.
  warnings.warn(self.message, FutureWarning)
[global_only 5/32] Counting_Overall_counting_4 pred=110 ref=554
/root/miniconda3/lib/python3.12/site-packages/transformers/models/grounding_dino/processing_grounding_dino.py:100: FutureWarning: The key `labels` is will return integer ids in `GroundingDinoProcessor.post_process_grounded_object_detection` output since v4.51.0. Use `text_labels` instead to retrieve string object names.
  warnings.warn(self.message, FutureWarning)
[global_only 6/32] Counting_Overall_counting_5 pred=8 ref=33
/root/miniconda3/lib/python3.12/site-packages/transformers/models/grounding_dino/processing_grounding_dino.py:100: FutureWarning: The key `labels` is will return integer ids in `GroundingDinoProcessor.post_process_grounded_object_detection` output since v4.51.0. Use `text_labels` instead to retrieve string object names.
  warnings.warn(self.message, FutureWarning)
[global_only 7/32] Counting_Overall_counting_6 pred=3 ref=76
/root/miniconda3/lib/python3.12/site-packages/transformers/models/grounding_dino/processing_grounding_dino.py:100: FutureWarning: The key `labels` is will return integer ids in `GroundingDinoProcessor.post_process_grounded_object_detection` output since v4.51.0. Use `text_labels` instead to retrieve string object names.
  warnings.warn(self.message, FutureWarning)
[global_only 8/32] Counting_Overall_counting_7 pred=9 ref=16
/root/miniconda3/lib/python3.12/site-packages/transformers/models/grounding_dino/processing_grounding_dino.py:100: FutureWarning: The key `labels` is will return integer ids in `GroundingDinoProcessor.post_process_grounded_object_detection` output since v4.51.0. Use `text_labels` instead to retrieve string object names.
  warnings.warn(self.message, FutureWarning)
[global_only 9/32] Counting_Overall_counting_8 pred=6 ref=3
/root/miniconda3/lib/python3.12/site-packages/transformers/models/grounding_dino/processing_grounding_dino.py:100: FutureWarning: The key `labels` is will return integer ids in `GroundingDinoProcessor.post_process_grounded_object_detection` output since v4.51.0. Use `text_labels` instead to retrieve string object names.
  warnings.warn(self.message, FutureWarning)
[global_only 10/32] Counting_Overall_counting_9 pred=130 ref=632
/root/miniconda3/lib/python3.12/site-packages/transformers/models/grounding_dino/processing_grounding_dino.py:100: FutureWarning: The key `labels` is will return integer ids in `GroundingDinoProcessor.post_process_grounded_object_detection` output since v4.51.0. Use `text_labels` instead to retrieve string object names.
  warnings.warn(self.message, FutureWarning)
[global_only 11/32] Counting_Overall_counting_10 pred=7 ref=104
/root/miniconda3/lib/python3.12/site-packages/transformers/models/grounding_dino/processing_grounding_dino.py:100: FutureWarning: The key `labels` is will return integer ids in `GroundingDinoProcessor.post_process_grounded_object_detection` output since v4.51.0. Use `text_labels` instead to retrieve string object names.
  warnings.warn(self.message, FutureWarning)
[global_only 12/32] Counting_Overall_counting_11 pred=8 ref=261
/root/miniconda3/lib/python3.12/site-packages/transformers/models/grounding_dino/processing_grounding_dino.py:100: FutureWarning: The key `labels` is will return integer ids in `GroundingDinoProcessor.post_process_grounded_object_detection` output since v4.51.0. Use `text_labels` instead to retrieve string object names.
  warnings.warn(self.message, FutureWarning)
[global_only 13/32] Counting_Overall_counting_12 pred=154 ref=322
/root/miniconda3/lib/python3.12/site-packages/transformers/models/grounding_dino/processing_grounding_dino.py:100: FutureWarning: The key `labels` is will return integer ids in `GroundingDinoProcessor.post_process_grounded_object_detection` output since v4.51.0. Use `text_labels` instead to retrieve string object names.
  warnings.warn(self.message, FutureWarning)
[global_only 14/32] Counting_Overall_counting_13 pred=15 ref=23
/root/miniconda3/lib/python3.12/site-packages/transformers/models/grounding_dino/processing_grounding_dino.py:100: FutureWarning: The key `labels` is will return integer ids in `GroundingDinoProcessor.post_process_grounded_object_detection` output since v4.51.0. Use `text_labels` instead to retrieve string object names.
  warnings.warn(self.message, FutureWarning)
[global_only 15/32] Counting_Overall_counting_14 pred=9 ref=761
/root/miniconda3/lib/python3.12/site-packages/transformers/models/grounding_dino/processing_grounding_dino.py:100: FutureWarning: The key `labels` is will return integer ids in `GroundingDinoProcessor.post_process_grounded_object_detection` output since v4.51.0. Use `text_labels` instead to retrieve string object names.
  warnings.warn(self.message, FutureWarning)
[global_only 16/32] Counting_Overall_counting_15 pred=2 ref=19
/root/miniconda3/lib/python3.12/site-packages/transformers/models/grounding_dino/processing_grounding_dino.py:100: FutureWarning: The key `labels` is will return integer ids in `GroundingDinoProcessor.post_process_grounded_object_detection` output since v4.51.0. Use `text_labels` instead to retrieve string object names.
  warnings.warn(self.message, FutureWarning)
[global_only 17/32] Counting_Overall_counting_16 pred=10 ref=7
/root/miniconda3/lib/python3.12/site-packages/transformers/models/grounding_dino/processing_grounding_dino.py:100: FutureWarning: The key `labels` is will return integer ids in `GroundingDinoProcessor.post_process_grounded_object_detection` output since v4.51.0. Use `text_labels` instead to retrieve string object names.
  warnings.warn(self.message, FutureWarning)
[global_only 18/32] Counting_Overall_counting_17 pred=131 ref=185
/root/miniconda3/lib/python3.12/site-packages/transformers/models/grounding_dino/processing_grounding_dino.py:100: FutureWarning: The key `labels` is will return integer ids in `GroundingDinoProcessor.post_process_grounded_object_detection` output since v4.51.0. Use `text_labels` instead to retrieve string object names.
  warnings.warn(self.message, FutureWarning)
[global_only 19/32] Counting_Overall_counting_18 pred=8 ref=9
/root/miniconda3/lib/python3.12/site-packages/transformers/models/grounding_dino/processing_grounding_dino.py:100: FutureWarning: The key `labels` is will return integer ids in `GroundingDinoProcessor.post_process_grounded_object_detection` output since v4.51.0. Use `text_labels` instead to retrieve string object names.
  warnings.warn(self.message, FutureWarning)
[global_only 20/32] Counting_Overall_counting_19 pred=110 ref=124
/root/miniconda3/lib/python3.12/site-packages/transformers/models/grounding_dino/processing_grounding_dino.py:100: FutureWarning: The key `labels` is will return integer ids in `GroundingDinoProcessor.post_process_grounded_object_detection` output since v4.51.0. Use `text_labels` instead to retrieve string object names.
  warnings.warn(self.message, FutureWarning)
[global_only 21/32] Counting_Overall_counting_20 pred=168 ref=254
/root/miniconda3/lib/python3.12/site-packages/transformers/models/grounding_dino/processing_grounding_dino.py:100: FutureWarning: The key `labels` is will return integer ids in `GroundingDinoProcessor.post_process_grounded_object_detection` output since v4.51.0. Use `text_labels` instead to retrieve string object names.
  warnings.warn(self.message, FutureWarning)
[global_only 22/32] Counting_Overall_counting_21 pred=17 ref=8
/root/miniconda3/lib/python3.12/site-packages/transformers/models/grounding_dino/processing_grounding_dino.py:100: FutureWarning: The key `labels` is will return integer ids in `GroundingDinoProcessor.post_process_grounded_object_detection` output since v4.51.0. Use `text_labels` instead to retrieve string object names.
  warnings.warn(self.message, FutureWarning)
[global_only 23/32] Counting_Overall_counting_22 pred=25 ref=15
/root/miniconda3/lib/python3.12/site-packages/transformers/models/grounding_dino/processing_grounding_dino.py:100: FutureWarning: The key `labels` is will return integer ids in `GroundingDinoProcessor.post_process_grounded_object_detection` output since v4.51.0. Use `text_labels` instead to retrieve string object names.
  warnings.warn(self.message, FutureWarning)
[global_only 24/32] Counting_Overall_counting_23 pred=37 ref=322
/root/miniconda3/lib/python3.12/site-packages/transformers/models/grounding_dino/processing_grounding_dino.py:100: FutureWarning: The key `labels` is will return integer ids in `GroundingDinoProcessor.post_process_grounded_object_detection` output since v4.51.0. Use `text_labels` instead to retrieve string object names.
  warnings.warn(self.message, FutureWarning)
[global_only 25/32] Counting_Overall_counting_24 pred=1 ref=235
/root/miniconda3/lib/python3.12/site-packages/transformers/models/grounding_dino/processing_grounding_dino.py:100: FutureWarning: The key `labels` is will return integer ids in `GroundingDinoProcessor.post_process_grounded_object_detection` output since v4.51.0. Use `text_labels` instead to retrieve string object names.
  warnings.warn(self.message, FutureWarning)
[global_only 26/32] Counting_Overall_counting_25 pred=5 ref=8
/root/miniconda3/lib/python3.12/site-packages/transformers/models/grounding_dino/processing_grounding_dino.py:100: FutureWarning: The key `labels` is will return integer ids in `GroundingDinoProcessor.post_process_grounded_object_detection` output since v4.51.0. Use `text_labels` instead to retrieve string object names.
  warnings.warn(self.message, FutureWarning)
[global_only 27/32] Counting_Overall_counting_26 pred=39 ref=14
/root/miniconda3/lib/python3.12/site-packages/transformers/models/grounding_dino/processing_grounding_dino.py:100: FutureWarning: The key `labels` is will return integer ids in `GroundingDinoProcessor.post_process_grounded_object_detection` output since v4.51.0. Use `text_labels` instead to retrieve string object names.
  warnings.warn(self.message, FutureWarning)
[global_only 28/32] Counting_Overall_counting_27 pred=4 ref=318
/root/miniconda3/lib/python3.12/site-packages/transformers/models/grounding_dino/processing_grounding_dino.py:100: FutureWarning: The key `labels` is will return integer ids in `GroundingDinoProcessor.post_process_grounded_object_detection` output since v4.51.0. Use `text_labels` instead to retrieve string object names.
  warnings.warn(self.message, FutureWarning)
[global_only 29/32] Counting_Overall_counting_28 pred=22 ref=13
/root/miniconda3/lib/python3.12/site-packages/transformers/models/grounding_dino/processing_grounding_dino.py:100: FutureWarning: The key `labels` is will return integer ids in `GroundingDinoProcessor.post_process_grounded_object_detection` output since v4.51.0. Use `text_labels` instead to retrieve string object names.
  warnings.warn(self.message, FutureWarning)
[global_only 30/32] Counting_Overall_counting_29 pred=2 ref=37
/root/miniconda3/lib/python3.12/site-packages/transformers/models/grounding_dino/processing_grounding_dino.py:100: FutureWarning: The key `labels` is will return integer ids in `GroundingDinoProcessor.post_process_grounded_object_detection` output since v4.51.0. Use `text_labels` instead to retrieve string object names.
  warnings.warn(self.message, FutureWarning)
[global_only 31/32] Counting_Overall_counting_30 pred=2 ref=97
/root/miniconda3/lib/python3.12/site-packages/transformers/models/grounding_dino/processing_grounding_dino.py:100: FutureWarning: The key `labels` is will return integer ids in `GroundingDinoProcessor.post_process_grounded_object_detection` output since v4.51.0. Use `text_labels` instead to retrieve string object names.
  warnings.warn(self.message, FutureWarning)
[global_only 32/32] Counting_Overall_counting_31 pred=1 ref=47
/root/miniconda3/lib/python3.12/site-packages/transformers/models/grounding_dino/processing_grounding_dino.py:100: FutureWarning: The key `labels` is will return integer ids in `GroundingDinoProcessor.post_process_grounded_object_detection` output since v4.51.0. Use `text_labels` instead to retrieve string object names.
  warnings.warn(self.message, FutureWarning)
[tiled_native 1/32] Counting_Overall_counting_0 pred=66 ref=153
/root/miniconda3/lib/python3.12/site-packages/transformers/models/grounding_dino/processing_grounding_dino.py:100: FutureWarning: The key `labels` is will return integer ids in `GroundingDinoProcessor.post_process_grounded_object_detection` output since v4.51.0. Use `text_labels` instead to retrieve string object names.
  warnings.warn(self.message, FutureWarning)
[tiled_native 2/32] Counting_Overall_counting_1 pred=48 ref=9
/root/miniconda3/lib/python3.12/site-packages/transformers/models/grounding_dino/processing_grounding_dino.py:100: FutureWarning: The key `labels` is will return integer ids in `GroundingDinoProcessor.post_process_grounded_object_detection` output since v4.51.0. Use `text_labels` instead to retrieve string object names.
  warnings.warn(self.message, FutureWarning)
[tiled_native 3/32] Counting_Overall_counting_2 pred=52 ref=44
/root/miniconda3/lib/python3.12/site-packages/transformers/models/grounding_dino/processing_grounding_dino.py:100: FutureWarning: The key `labels` is will return integer ids in `GroundingDinoProcessor.post_process_grounded_object_detection` output since v4.51.0. Use `text_labels` instead to retrieve string object names.
  warnings.warn(self.message, FutureWarning)
[tiled_native 4/32] Counting_Overall_counting_3 pred=563 ref=15
/root/miniconda3/lib/python3.12/site-packages/transformers/models/grounding_dino/processing_grounding_dino.py:100: FutureWarning: The key `labels` is will return integer ids in `GroundingDinoProcessor.post_process_grounded_object_detection` output since v4.51.0. Use `text_labels` instead to retrieve string object names.
  warnings.warn(self.message, FutureWarning)
[tiled_native 5/32] Counting_Overall_counting_4 pred=987 ref=554
/root/miniconda3/lib/python3.12/site-packages/transformers/models/grounding_dino/processing_grounding_dino.py:100: FutureWarning: The key `labels` is will return integer ids in `GroundingDinoProcessor.post_process_grounded_object_detection` output since v4.51.0. Use `text_labels` instead to retrieve string object names.
  warnings.warn(self.message, FutureWarning)
[tiled_native 6/32] Counting_Overall_counting_5 pred=48 ref=33
/root/miniconda3/lib/python3.12/site-packages/transformers/models/grounding_dino/processing_grounding_dino.py:100: FutureWarning: The key `labels` is will return integer ids in `GroundingDinoProcessor.post_process_grounded_object_detection` output since v4.51.0. Use `text_labels` instead to retrieve string object names.
  warnings.warn(self.message, FutureWarning)
[tiled_native 7/32] Counting_Overall_counting_6 pred=122 ref=76
/root/miniconda3/lib/python3.12/site-packages/transformers/models/grounding_dino/processing_grounding_dino.py:100: FutureWarning: The key `labels` is will return integer ids in `GroundingDinoProcessor.post_process_grounded_object_detection` output since v4.51.0. Use `text_labels` instead to retrieve string object names.
  warnings.warn(self.message, FutureWarning)
[tiled_native 8/32] Counting_Overall_counting_7 pred=246 ref=16
/root/miniconda3/lib/python3.12/site-packages/transformers/models/grounding_dino/processing_grounding_dino.py:100: FutureWarning: The key `labels` is will return integer ids in `GroundingDinoProcessor.post_process_grounded_object_detection` output since v4.51.0. Use `text_labels` instead to retrieve string object names.
  warnings.warn(self.message, FutureWarning)
[tiled_native 9/32] Counting_Overall_counting_8 pred=293 ref=3
/root/miniconda3/lib/python3.12/site-packages/transformers/models/grounding_dino/processing_grounding_dino.py:100: FutureWarning: The key `labels` is will return integer ids in `GroundingDinoProcessor.post_process_grounded_object_detection` output since v4.51.0. Use `text_labels` instead to retrieve string object names.
  warnings.warn(self.message, FutureWarning)
[tiled_native 10/32] Counting_Overall_counting_9 pred=813 ref=632
/root/miniconda3/lib/python3.12/site-packages/transformers/models/grounding_dino/processing_grounding_dino.py:100: FutureWarning: The key `labels` is will return integer ids in `GroundingDinoProcessor.post_process_grounded_object_detection` output since v4.51.0. Use `text_labels` instead to retrieve string object names.
  warnings.warn(self.message, FutureWarning)
[tiled_native 11/32] Counting_Overall_counting_10 pred=267 ref=104
/root/miniconda3/lib/python3.12/site-packages/transformers/models/grounding_dino/processing_grounding_dino.py:100: FutureWarning: The key `labels` is will return integer ids in `GroundingDinoProcessor.post_process_grounded_object_detection` output since v4.51.0. Use `text_labels` instead to retrieve string object names.
  warnings.warn(self.message, FutureWarning)
[tiled_native 12/32] Counting_Overall_counting_11 pred=103 ref=261
/root/miniconda3/lib/python3.12/site-packages/transformers/models/grounding_dino/processing_grounding_dino.py:100: FutureWarning: The key `labels` is will return integer ids in `GroundingDinoProcessor.post_process_grounded_object_detection` output since v4.51.0. Use `text_labels` instead to retrieve string object names.
  warnings.warn(self.message, FutureWarning)
[tiled_native 13/32] Counting_Overall_counting_12 pred=540 ref=322
/root/miniconda3/lib/python3.12/site-packages/transformers/models/grounding_dino/processing_grounding_dino.py:100: FutureWarning: The key `labels` is will return integer ids in `GroundingDinoProcessor.post_process_grounded_object_detection` output since v4.51.0. Use `text_labels` instead to retrieve string object names.
  warnings.warn(self.message, FutureWarning)
[tiled_native 14/32] Counting_Overall_counting_13 pred=277 ref=23
/root/miniconda3/lib/python3.12/site-packages/transformers/models/grounding_dino/processing_grounding_dino.py:100: FutureWarning: The key `labels` is will return integer ids in `GroundingDinoProcessor.post_process_grounded_object_detection` output since v4.51.0. Use `text_labels` instead to retrieve string object names.
  warnings.warn(self.message, FutureWarning)
[tiled_native 15/32] Counting_Overall_counting_14 pred=130 ref=761
/root/miniconda3/lib/python3.12/site-packages/transformers/models/grounding_dino/processing_grounding_dino.py:100: FutureWarning: The key `labels` is will return integer ids in `GroundingDinoProcessor.post_process_grounded_object_detection` output since v4.51.0. Use `text_labels` instead to retrieve string object names.
  warnings.warn(self.message, FutureWarning)
[tiled_native 16/32] Counting_Overall_counting_15 pred=76 ref=19
/root/miniconda3/lib/python3.12/site-packages/transformers/models/grounding_dino/processing_grounding_dino.py:100: FutureWarning: The key `labels` is will return integer ids in `GroundingDinoProcessor.post_process_grounded_object_detection` output since v4.51.0. Use `text_labels` instead to retrieve string object names.
  warnings.warn(self.message, FutureWarning)
[tiled_native 17/32] Counting_Overall_counting_16 pred=424 ref=7
/root/miniconda3/lib/python3.12/site-packages/transformers/models/grounding_dino/processing_grounding_dino.py:100: FutureWarning: The key `labels` is will return integer ids in `GroundingDinoProcessor.post_process_grounded_object_detection` output since v4.51.0. Use `text_labels` instead to retrieve string object names.
  warnings.warn(self.message, FutureWarning)
[tiled_native 18/32] Counting_Overall_counting_17 pred=370 ref=185
/root/miniconda3/lib/python3.12/site-packages/transformers/models/grounding_dino/processing_grounding_dino.py:100: FutureWarning: The key `labels` is will return integer ids in `GroundingDinoProcessor.post_process_grounded_object_detection` output since v4.51.0. Use `text_labels` instead to retrieve string object names.
  warnings.warn(self.message, FutureWarning)
[tiled_native 19/32] Counting_Overall_counting_18 pred=385 ref=9
/root/miniconda3/lib/python3.12/site-packages/transformers/models/grounding_dino/processing_grounding_dino.py:100: FutureWarning: The key `labels` is will return integer ids in `GroundingDinoProcessor.post_process_grounded_object_detection` output since v4.51.0. Use `text_labels` instead to retrieve string object names.
  warnings.warn(self.message, FutureWarning)
[tiled_native 20/32] Counting_Overall_counting_19 pred=215 ref=124
/root/miniconda3/lib/python3.12/site-packages/transformers/models/grounding_dino/processing_grounding_dino.py:100: FutureWarning: The key `labels` is will return integer ids in `GroundingDinoProcessor.post_process_grounded_object_detection` output since v4.51.0. Use `text_labels` instead to retrieve string object names.
  warnings.warn(self.message, FutureWarning)
[tiled_native 21/32] Counting_Overall_counting_20 pred=361 ref=254
/root/miniconda3/lib/python3.12/site-packages/transformers/models/grounding_dino/processing_grounding_dino.py:100: FutureWarning: The key `labels` is will return integer ids in `GroundingDinoProcessor.post_process_grounded_object_detection` output since v4.51.0. Use `text_labels` instead to retrieve string object names.
  warnings.warn(self.message, FutureWarning)
[tiled_native 22/32] Counting_Overall_counting_21 pred=62 ref=8
/root/miniconda3/lib/python3.12/site-packages/transformers/models/grounding_dino/processing_grounding_dino.py:100: FutureWarning: The key `labels` is will return integer ids in `GroundingDinoProcessor.post_process_grounded_object_detection` output since v4.51.0. Use `text_labels` instead to retrieve string object names.
  warnings.warn(self.message, FutureWarning)
[tiled_native 23/32] Counting_Overall_counting_22 pred=473 ref=15
/root/miniconda3/lib/python3.12/site-packages/transformers/models/grounding_dino/processing_grounding_dino.py:100: FutureWarning: The key `labels` is will return integer ids in `GroundingDinoProcessor.post_process_grounded_object_detection` output since v4.51.0. Use `text_labels` instead to retrieve string object names.
  warnings.warn(self.message, FutureWarning)
[tiled_native 24/32] Counting_Overall_counting_23 pred=520 ref=322
/root/miniconda3/lib/python3.12/site-packages/transformers/models/grounding_dino/processing_grounding_dino.py:100: FutureWarning: The key `labels` is will return integer ids in `GroundingDinoProcessor.post_process_grounded_object_detection` output since v4.51.0. Use `text_labels` instead to retrieve string object names.
  warnings.warn(self.message, FutureWarning)
[tiled_native 25/32] Counting_Overall_counting_24 pred=188 ref=235
/root/miniconda3/lib/python3.12/site-packages/transformers/models/grounding_dino/processing_grounding_dino.py:100: FutureWarning: The key `labels` is will return integer ids in `GroundingDinoProcessor.post_process_grounded_object_detection` output since v4.51.0. Use `text_labels` instead to retrieve string object names.
  warnings.warn(self.message, FutureWarning)
[tiled_native 26/32] Counting_Overall_counting_25 pred=103 ref=8
/root/miniconda3/lib/python3.12/site-packages/transformers/models/grounding_dino/processing_grounding_dino.py:100: FutureWarning: The key `labels` is will return integer ids in `GroundingDinoProcessor.post_process_grounded_object_detection` output since v4.51.0. Use `text_labels` instead to retrieve string object names.
  warnings.warn(self.message, FutureWarning)
[tiled_native 27/32] Counting_Overall_counting_26 pred=404 ref=14
/root/miniconda3/lib/python3.12/site-packages/transformers/models/grounding_dino/processing_grounding_dino.py:100: FutureWarning: The key `labels` is will return integer ids in `GroundingDinoProcessor.post_process_grounded_object_detection` output since v4.51.0. Use `text_labels` instead to retrieve string object names.
  warnings.warn(self.message, FutureWarning)
[tiled_native 28/32] Counting_Overall_counting_27 pred=73 ref=318
/root/miniconda3/lib/python3.12/site-packages/transformers/models/grounding_dino/processing_grounding_dino.py:100: FutureWarning: The key `labels` is will return integer ids in `GroundingDinoProcessor.post_process_grounded_object_detection` output since v4.51.0. Use `text_labels` instead to retrieve string object names.
  warnings.warn(self.message, FutureWarning)
[tiled_native 29/32] Counting_Overall_counting_28 pred=520 ref=13
/root/miniconda3/lib/python3.12/site-packages/transformers/models/grounding_dino/processing_grounding_dino.py:100: FutureWarning: The key `labels` is will return integer ids in `GroundingDinoProcessor.post_process_grounded_object_detection` output since v4.51.0. Use `text_labels` instead to retrieve string object names.
  warnings.warn(self.message, FutureWarning)
[tiled_native 30/32] Counting_Overall_counting_29 pred=77 ref=37
/root/miniconda3/lib/python3.12/site-packages/transformers/models/grounding_dino/processing_grounding_dino.py:100: FutureWarning: The key `labels` is will return integer ids in `GroundingDinoProcessor.post_process_grounded_object_detection` output since v4.51.0. Use `text_labels` instead to retrieve string object names.
  warnings.warn(self.message, FutureWarning)
[tiled_native 31/32] Counting_Overall_counting_30 pred=49 ref=97
/root/miniconda3/lib/python3.12/site-packages/transformers/models/grounding_dino/processing_grounding_dino.py:100: FutureWarning: The key `labels` is will return integer ids in `GroundingDinoProcessor.post_process_grounded_object_detection` output since v4.51.0. Use `text_labels` instead to retrieve string object names.
  warnings.warn(self.message, FutureWarning)
[tiled_native 32/32] Counting_Overall_counting_31 pred=85 ref=47
WARNING:root:No pretrained weights loaded for model 'ViT-B/32'. Model initialized randomly.
WARNING:root:Model configuration not found, returning default SimpleTokenizer.
/root/miniconda3/lib/python3.12/site-packages/transformers/models/grounding_dino/processing_grounding_dino.py:100: FutureWarning: The key `labels` is will return integer ids in `GroundingDinoProcessor.post_process_grounded_object_detection` output since v4.51.0. Use `text_labels` instead to retrieve string object names.
  warnings.warn(self.message, FutureWarning)
[gate 1/32] Counting_Overall_counting_0 pred=172 ref=153
WARNING:root:No pretrained weights loaded for model 'ViT-B/32'. Model initialized randomly.
WARNING:root:Model configuration not found, returning default SimpleTokenizer.
/root/miniconda3/lib/python3.12/site-packages/transformers/models/grounding_dino/processing_grounding_dino.py:100: FutureWarning: The key `labels` is will return integer ids in `GroundingDinoProcessor.post_process_grounded_object_detection` output since v4.51.0. Use `text_labels` instead to retrieve string object names.
  warnings.warn(self.message, FutureWarning)
[gate 2/32] Counting_Overall_counting_1 pred=180 ref=9
WARNING:root:No pretrained weights loaded for model 'ViT-B/32'. Model initialized randomly.
WARNING:root:Model configuration not found, returning default SimpleTokenizer.
/root/miniconda3/lib/python3.12/site-packages/transformers/models/grounding_dino/processing_grounding_dino.py:100: FutureWarning: The key `labels` is will return integer ids in `GroundingDinoProcessor.post_process_grounded_object_detection` output since v4.51.0. Use `text_labels` instead to retrieve string object names.
  warnings.warn(self.message, FutureWarning)
[gate 3/32] Counting_Overall_counting_2 pred=175 ref=44
WARNING:root:No pretrained weights loaded for model 'ViT-B/32'. Model initialized randomly.
WARNING:root:Model configuration not found, returning default SimpleTokenizer.
/root/miniconda3/lib/python3.12/site-packages/transformers/models/grounding_dino/processing_grounding_dino.py:100: FutureWarning: The key `labels` is will return integer ids in `GroundingDinoProcessor.post_process_grounded_object_detection` output since v4.51.0. Use `text_labels` instead to retrieve string object names.
  warnings.warn(self.message, FutureWarning)
[gate 4/32] Counting_Overall_counting_3 pred=1107 ref=15
WARNING:root:No pretrained weights loaded for model 'ViT-B/32'. Model initialized randomly.
WARNING:root:Model configuration not found, returning default SimpleTokenizer.
/root/miniconda3/lib/python3.12/site-packages/transformers/models/grounding_dino/processing_grounding_dino.py:100: FutureWarning: The key `labels` is will return integer ids in `GroundingDinoProcessor.post_process_grounded_object_detection` output since v4.51.0. Use `text_labels` instead to retrieve string object names.
  warnings.warn(self.message, FutureWarning)
[gate 5/32] Counting_Overall_counting_4 pred=1318 ref=554
WARNING:root:No pretrained weights loaded for model 'ViT-B/32'. Model initialized randomly.
WARNING:root:Model configuration not found, returning default SimpleTokenizer.
/root/miniconda3/lib/python3.12/site-packages/transformers/models/grounding_dino/processing_grounding_dino.py:100: FutureWarning: The key `labels` is will return integer ids in `GroundingDinoProcessor.post_process_grounded_object_detection` output since v4.51.0. Use `text_labels` instead to retrieve string object names.
  warnings.warn(self.message, FutureWarning)
[gate 6/32] Counting_Overall_counting_5 pred=198 ref=33
WARNING:root:No pretrained weights loaded for model 'ViT-B/32'. Model initialized randomly.
WARNING:root:Model configuration not found, returning default SimpleTokenizer.
/root/miniconda3/lib/python3.12/site-packages/transformers/models/grounding_dino/processing_grounding_dino.py:100: FutureWarning: The key `labels` is will return integer ids in `GroundingDinoProcessor.post_process_grounded_object_detection` output since v4.51.0. Use `text_labels` instead to retrieve string object names.
  warnings.warn(self.message, FutureWarning)
[gate 7/32] Counting_Overall_counting_6 pred=457 ref=76
WARNING:root:No pretrained weights loaded for model 'ViT-B/32'. Model initialized randomly.
WARNING:root:Model configuration not found, returning default SimpleTokenizer.
/root/miniconda3/lib/python3.12/site-packages/transformers/models/grounding_dino/processing_grounding_dino.py:100: FutureWarning: The key `labels` is will return integer ids in `GroundingDinoProcessor.post_process_grounded_object_detection` output since v4.51.0. Use `text_labels` instead to retrieve string object names.
  warnings.warn(self.message, FutureWarning)
[gate 8/32] Counting_Overall_counting_7 pred=248 ref=16
WARNING:root:No pretrained weights loaded for model 'ViT-B/32'. Model initialized randomly.
WARNING:root:Model configuration not found, returning default SimpleTokenizer.
/root/miniconda3/lib/python3.12/site-packages/transformers/models/grounding_dino/processing_grounding_dino.py:100: FutureWarning: The key `labels` is will return integer ids in `GroundingDinoProcessor.post_process_grounded_object_detection` output since v4.51.0. Use `text_labels` instead to retrieve string object names.
  warnings.warn(self.message, FutureWarning)
[gate 9/32] Counting_Overall_counting_8 pred=609 ref=3
WARNING:root:No pretrained weights loaded for model 'ViT-B/32'. Model initialized randomly.
WARNING:root:Model configuration not found, returning default SimpleTokenizer.
/root/miniconda3/lib/python3.12/site-packages/transformers/models/grounding_dino/processing_grounding_dino.py:100: FutureWarning: The key `labels` is will return integer ids in `GroundingDinoProcessor.post_process_grounded_object_detection` output since v4.51.0. Use `text_labels` instead to retrieve string object names.
  warnings.warn(self.message, FutureWarning)
[gate 10/32] Counting_Overall_counting_9 pred=981 ref=632
WARNING:root:No pretrained weights loaded for model 'ViT-B/32'. Model initialized randomly.
WARNING:root:Model configuration not found, returning default SimpleTokenizer.
/root/miniconda3/lib/python3.12/site-packages/transformers/models/grounding_dino/processing_grounding_dino.py:100: FutureWarning: The key `labels` is will return integer ids in `GroundingDinoProcessor.post_process_grounded_object_detection` output since v4.51.0. Use `text_labels` instead to retrieve string object names.
  warnings.warn(self.message, FutureWarning)
[gate 11/32] Counting_Overall_counting_10 pred=382 ref=104
WARNING:root:No pretrained weights loaded for model 'ViT-B/32'. Model initialized randomly.
WARNING:root:Model configuration not found, returning default SimpleTokenizer.
/root/miniconda3/lib/python3.12/site-packages/transformers/models/grounding_dino/processing_grounding_dino.py:100: FutureWarning: The key `labels` is will return integer ids in `GroundingDinoProcessor.post_process_grounded_object_detection` output since v4.51.0. Use `text_labels` instead to retrieve string object names.
  warnings.warn(self.message, FutureWarning)
[gate 12/32] Counting_Overall_counting_11 pred=354 ref=261
WARNING:root:No pretrained weights loaded for model 'ViT-B/32'. Model initialized randomly.
WARNING:root:Model configuration not found, returning default SimpleTokenizer.
/root/miniconda3/lib/python3.12/site-packages/transformers/models/grounding_dino/processing_grounding_dino.py:100: FutureWarning: The key `labels` is will return integer ids in `GroundingDinoProcessor.post_process_grounded_object_detection` output since v4.51.0. Use `text_labels` instead to retrieve string object names.
  warnings.warn(self.message, FutureWarning)
[gate 13/32] Counting_Overall_counting_12 pred=861 ref=322
WARNING:root:No pretrained weights loaded for model 'ViT-B/32'. Model initialized randomly.
WARNING:root:Model configuration not found, returning default SimpleTokenizer.
/root/miniconda3/lib/python3.12/site-packages/transformers/models/grounding_dino/processing_grounding_dino.py:100: FutureWarning: The key `labels` is will return integer ids in `GroundingDinoProcessor.post_process_grounded_object_detection` output since v4.51.0. Use `text_labels` instead to retrieve string object names.
  warnings.warn(self.message, FutureWarning)
[gate 14/32] Counting_Overall_counting_13 pred=601 ref=23
WARNING:root:No pretrained weights loaded for model 'ViT-B/32'. Model initialized randomly.
WARNING:root:Model configuration not found, returning default SimpleTokenizer.
/root/miniconda3/lib/python3.12/site-packages/transformers/models/grounding_dino/processing_grounding_dino.py:100: FutureWarning: The key `labels` is will return integer ids in `GroundingDinoProcessor.post_process_grounded_object_detection` output since v4.51.0. Use `text_labels` instead to retrieve string object names.
  warnings.warn(self.message, FutureWarning)
[gate 15/32] Counting_Overall_counting_14 pred=499 ref=761
WARNING:root:No pretrained weights loaded for model 'ViT-B/32'. Model initialized randomly.
WARNING:root:Model configuration not found, returning default SimpleTokenizer.
/root/miniconda3/lib/python3.12/site-packages/transformers/models/grounding_dino/processing_grounding_dino.py:100: FutureWarning: The key `labels` is will return integer ids in `GroundingDinoProcessor.post_process_grounded_object_detection` output since v4.51.0. Use `text_labels` instead to retrieve string object names.
  warnings.warn(self.message, FutureWarning)
[gate 16/32] Counting_Overall_counting_15 pred=78 ref=19
WARNING:root:No pretrained weights loaded for model 'ViT-B/32'. Model initialized randomly.
WARNING:root:Model configuration not found, returning default SimpleTokenizer.
/root/miniconda3/lib/python3.12/site-packages/transformers/models/grounding_dino/processing_grounding_dino.py:100: FutureWarning: The key `labels` is will return integer ids in `GroundingDinoProcessor.post_process_grounded_object_detection` output since v4.51.0. Use `text_labels` instead to retrieve string object names.
  warnings.warn(self.message, FutureWarning)
[gate 17/32] Counting_Overall_counting_16 pred=788 ref=7
WARNING:root:No pretrained weights loaded for model 'ViT-B/32'. Model initialized randomly.
WARNING:root:Model configuration not found, returning default SimpleTokenizer.
/root/miniconda3/lib/python3.12/site-packages/transformers/models/grounding_dino/processing_grounding_dino.py:100: FutureWarning: The key `labels` is will return integer ids in `GroundingDinoProcessor.post_process_grounded_object_detection` output since v4.51.0. Use `text_labels` instead to retrieve string object names.
  warnings.warn(self.message, FutureWarning)
[gate 18/32] Counting_Overall_counting_17 pred=609 ref=185
WARNING:root:No pretrained weights loaded for model 'ViT-B/32'. Model initialized randomly.
WARNING:root:Model configuration not found, returning default SimpleTokenizer.
/root/miniconda3/lib/python3.12/site-packages/transformers/models/grounding_dino/processing_grounding_dino.py:100: FutureWarning: The key `labels` is will return integer ids in `GroundingDinoProcessor.post_process_grounded_object_detection` output since v4.51.0. Use `text_labels` instead to retrieve string object names.
  warnings.warn(self.message, FutureWarning)
[gate 19/32] Counting_Overall_counting_18 pred=1393 ref=9
WARNING:root:No pretrained weights loaded for model 'ViT-B/32'. Model initialized randomly.
WARNING:root:Model configuration not found, returning default SimpleTokenizer.
/root/miniconda3/lib/python3.12/site-packages/transformers/models/grounding_dino/processing_grounding_dino.py:100: FutureWarning: The key `labels` is will return integer ids in `GroundingDinoProcessor.post_process_grounded_object_detection` output since v4.51.0. Use `text_labels` instead to retrieve string object names.
  warnings.warn(self.message, FutureWarning)
[gate 20/32] Counting_Overall_counting_19 pred=402 ref=124
WARNING:root:No pretrained weights loaded for model 'ViT-B/32'. Model initialized randomly.
WARNING:root:Model configuration not found, returning default SimpleTokenizer.
/root/miniconda3/lib/python3.12/site-packages/transformers/models/grounding_dino/processing_grounding_dino.py:100: FutureWarning: The key `labels` is will return integer ids in `GroundingDinoProcessor.post_process_grounded_object_detection` output since v4.51.0. Use `text_labels` instead to retrieve string object names.
  warnings.warn(self.message, FutureWarning)
[gate 21/32] Counting_Overall_counting_20 pred=576 ref=254
WARNING:root:No pretrained weights loaded for model 'ViT-B/32'. Model initialized randomly.
WARNING:root:Model configuration not found, returning default SimpleTokenizer.
/root/miniconda3/lib/python3.12/site-packages/transformers/models/grounding_dino/processing_grounding_dino.py:100: FutureWarning: The key `labels` is will return integer ids in `GroundingDinoProcessor.post_process_grounded_object_detection` output since v4.51.0. Use `text_labels` instead to retrieve string object names.
  warnings.warn(self.message, FutureWarning)
[gate 22/32] Counting_Overall_counting_21 pred=324 ref=8
WARNING:root:No pretrained weights loaded for model 'ViT-B/32'. Model initialized randomly.
WARNING:root:Model configuration not found, returning default SimpleTokenizer.
/root/miniconda3/lib/python3.12/site-packages/transformers/models/grounding_dino/processing_grounding_dino.py:100: FutureWarning: The key `labels` is will return integer ids in `GroundingDinoProcessor.post_process_grounded_object_detection` output since v4.51.0. Use `text_labels` instead to retrieve string object names.
  warnings.warn(self.message, FutureWarning)
[gate 23/32] Counting_Overall_counting_22 pred=482 ref=15
WARNING:root:No pretrained weights loaded for model 'ViT-B/32'. Model initialized randomly.
WARNING:root:Model configuration not found, returning default SimpleTokenizer.
/root/miniconda3/lib/python3.12/site-packages/transformers/models/grounding_dino/processing_grounding_dino.py:100: FutureWarning: The key `labels` is will return integer ids in `GroundingDinoProcessor.post_process_grounded_object_detection` output since v4.51.0. Use `text_labels` instead to retrieve string object names.
  warnings.warn(self.message, FutureWarning)
[gate 24/32] Counting_Overall_counting_23 pred=731 ref=322
WARNING:root:No pretrained weights loaded for model 'ViT-B/32'. Model initialized randomly.
WARNING:root:Model configuration not found, returning default SimpleTokenizer.
/root/miniconda3/lib/python3.12/site-packages/transformers/models/grounding_dino/processing_grounding_dino.py:100: FutureWarning: The key `labels` is will return integer ids in `GroundingDinoProcessor.post_process_grounded_object_detection` output since v4.51.0. Use `text_labels` instead to retrieve string object names.
  warnings.warn(self.message, FutureWarning)
[gate 25/32] Counting_Overall_counting_24 pred=334 ref=235
WARNING:root:No pretrained weights loaded for model 'ViT-B/32'. Model initialized randomly.
WARNING:root:Model configuration not found, returning default SimpleTokenizer.
/root/miniconda3/lib/python3.12/site-packages/transformers/models/grounding_dino/processing_grounding_dino.py:100: FutureWarning: The key `labels` is will return integer ids in `GroundingDinoProcessor.post_process_grounded_object_detection` output since v4.51.0. Use `text_labels` instead to retrieve string object names.
  warnings.warn(self.message, FutureWarning)
[gate 26/32] Counting_Overall_counting_25 pred=103 ref=8
WARNING:root:No pretrained weights loaded for model 'ViT-B/32'. Model initialized randomly.
WARNING:root:Model configuration not found, returning default SimpleTokenizer.
/root/miniconda3/lib/python3.12/site-packages/transformers/models/grounding_dino/processing_grounding_dino.py:100: FutureWarning: The key `labels` is will return integer ids in `GroundingDinoProcessor.post_process_grounded_object_detection` output since v4.51.0. Use `text_labels` instead to retrieve string object names.
  warnings.warn(self.message, FutureWarning)
[gate 27/32] Counting_Overall_counting_26 pred=413 ref=14
WARNING:root:No pretrained weights loaded for model 'ViT-B/32'. Model initialized randomly.
WARNING:root:Model configuration not found, returning default SimpleTokenizer.
/root/miniconda3/lib/python3.12/site-packages/transformers/models/grounding_dino/processing_grounding_dino.py:100: FutureWarning: The key `labels` is will return integer ids in `GroundingDinoProcessor.post_process_grounded_object_detection` output since v4.51.0. Use `text_labels` instead to retrieve string object names.
  warnings.warn(self.message, FutureWarning)
[gate 28/32] Counting_Overall_counting_27 pred=277 ref=318
WARNING:root:No pretrained weights loaded for model 'ViT-B/32'. Model initialized randomly.
WARNING:root:Model configuration not found, returning default SimpleTokenizer.
/root/miniconda3/lib/python3.12/site-packages/transformers/models/grounding_dino/processing_grounding_dino.py:100: FutureWarning: The key `labels` is will return integer ids in `GroundingDinoProcessor.post_process_grounded_object_detection` output since v4.51.0. Use `text_labels` instead to retrieve string object names.
  warnings.warn(self.message, FutureWarning)
[gate 29/32] Counting_Overall_counting_28 pred=535 ref=13
WARNING:root:No pretrained weights loaded for model 'ViT-B/32'. Model initialized randomly.
WARNING:root:Model configuration not found, returning default SimpleTokenizer.
/root/miniconda3/lib/python3.12/site-packages/transformers/models/grounding_dino/processing_grounding_dino.py:100: FutureWarning: The key `labels` is will return integer ids in `GroundingDinoProcessor.post_process_grounded_object_detection` output since v4.51.0. Use `text_labels` instead to retrieve string object names.
  warnings.warn(self.message, FutureWarning)
[gate 30/32] Counting_Overall_counting_29 pred=295 ref=37
WARNING:root:No pretrained weights loaded for model 'ViT-B/32'. Model initialized randomly.
WARNING:root:Model configuration not found, returning default SimpleTokenizer.
/root/miniconda3/lib/python3.12/site-packages/transformers/models/grounding_dino/processing_grounding_dino.py:100: FutureWarning: The key `labels` is will return integer ids in `GroundingDinoProcessor.post_process_grounded_object_detection` output since v4.51.0. Use `text_labels` instead to retrieve string object names.
  warnings.warn(self.message, FutureWarning)
[gate 31/32] Counting_Overall_counting_30 pred=49 ref=97
WARNING:root:No pretrained weights loaded for model 'ViT-B/32'. Model initialized randomly.
WARNING:root:Model configuration not found, returning default SimpleTokenizer.
/root/miniconda3/lib/python3.12/site-packages/transformers/models/grounding_dino/processing_grounding_dino.py:100: FutureWarning: The key `labels` is will return integer ids in `GroundingDinoProcessor.post_process_grounded_object_detection` output since v4.51.0. Use `text_labels` instead to retrieve string object names.
  warnings.warn(self.message, FutureWarning)
[gate 32/32] Counting_Overall_counting_31 pred=350 ref=47
{
  "backend": "grounding_dino",
  "default": {
    "num_samples": 32,
    "parsed": 32,
    "parse_rate": 1.0,
    "exact_accuracy": 0.0,
    "within1_accuracy": 0.0,
    "mae": 370.78125,
    "rmse": 477.7907818805214,
    "mean_signed_error": 348.84375
  },
  "gpu": {
    "device": "NVIDIA GeForce RTX 5090",
    "torch_allocated_mb": 692.0,
    "torch_max_allocated_mb": 2492.6,
    "torch_max_reserved_mb": 2758.0,
    "nvidia_smi_used_mb": 3369.0,
    "nvidia_smi_total_mb": 32607.0,
    "nvidia_smi_util": 51.0
  }
}
wrote outputs/experiments_xlrs_32/report.json
[2026-09-01 23:49:47] DONE experiments_xlrs_32 exit=0
[2026-09-01 23:49:47] START xlrs_benchmark_320
Some weights of the model checkpoint at /root/autodl-tmp/26揭榜挂帅-太空智算/autodl-tmp/cache/huggingface/hub/models--IDEA-Research--grounding-dino-tiny/snapshots/a2bb814dd30d776dcf7e30523b00659f4f141c71 were not used when initializing GroundingDinoForObjectDetection: ['model.decoder.layers.0.encoder_attn_text.in_proj_bias', 'model.decoder.layers.0.encoder_attn_text.in_proj_weight', 'model.decoder.layers.0.self_attn.in_proj_bias', 'model.decoder.layers.0.self_attn.in_proj_weight', 'model.decoder.layers.1.encoder_attn_text.in_proj_bias', 'model.decoder.layers.1.encoder_attn_text.in_proj_weight', 'model.decoder.layers.1.self_attn.in_proj_bias', 'model.decoder.layers.1.self_attn.in_proj_weight', 'model.decoder.layers.2.encoder_attn_text.in_proj_bias', 'model.decoder.layers.2.encoder_attn_text.in_proj_weight', 'model.decoder.layers.2.self_attn.in_proj_bias', 'model.decoder.layers.2.self_attn.in_proj_weight', 'model.decoder.layers.3.encoder_attn_text.in_proj_bias', 'model.decoder.layers.3.encoder_attn_text.in_proj_weight', 'model.decoder.layers.3.self_attn.in_proj_bias', 'model.decoder.layers.3.self_attn.in_proj_weight', 'model.decoder.layers.4.encoder_attn_text.in_proj_bias', 'model.decoder.layers.4.encoder_attn_text.in_proj_weight', 'model.decoder.layers.4.self_attn.in_proj_bias', 'model.decoder.layers.4.self_attn.in_proj_weight', 'model.decoder.layers.5.encoder_attn_text.in_proj_bias', 'model.decoder.layers.5.encoder_attn_text.in_proj_weight', 'model.decoder.layers.5.self_attn.in_proj_bias', 'model.decoder.layers.5.self_attn.in_proj_weight', 'model.encoder.layers.0.text_enhancer_layer.self_attn.in_proj_bias', 'model.encoder.layers.0.text_enhancer_layer.self_attn.in_proj_weight', 'model.encoder.layers.1.text_enhancer_layer.self_attn.in_proj_bias', 'model.encoder.layers.1.text_enhancer_layer.self_attn.in_proj_weight', 'model.encoder.layers.2.text_enhancer_layer.self_attn.in_proj_bias', 'model.encoder.layers.2.text_enhancer_layer.self_attn.in_proj_weight', 'model.encoder.layers.3.text_enhancer_layer.self_attn.in_proj_bias', 'model.encoder.layers.3.text_enhancer_layer.self_attn.in_proj_weight', 'model.encoder.layers.4.text_enhancer_layer.self_attn.in_proj_bias', 'model.encoder.layers.4.text_enhancer_layer.self_attn.in_proj_weight', 'model.encoder.layers.5.text_enhancer_layer.self_attn.in_proj_bias', 'model.encoder.layers.5.text_enhancer_layer.self_attn.in_proj_weight', 'model.text_backbone.pooler.dense.bias', 'model.text_backbone.pooler.dense.weight']
- This IS expected if you are initializing GroundingDinoForObjectDetection from the checkpoint of a model trained on another task or with another architecture (e.g. initializing a BertForSequenceClassification model from a BertForPreTraining model).
- This IS NOT expected if you are initializing GroundingDinoForObjectDetection from the checkpoint of a model that you expect to be exactly identical (initializing a BertForSequenceClassification model from a BertForSequenceClassification model).
Some weights of GroundingDinoForObjectDetection were not initialized from the model checkpoint at /root/autodl-tmp/26揭榜挂帅-太空智算/autodl-tmp/cache/huggingface/hub/models--IDEA-Research--grounding-dino-tiny/snapshots/a2bb814dd30d776dcf7e30523b00659f4f141c71 and are newly initialized: ['model.decoder.layers.0.encoder_attn_text.key.bias', 'model.decoder.layers.0.encoder_attn_text.key.weight', 'model.decoder.layers.0.encoder_attn_text.query.bias', 'model.decoder.layers.0.encoder_attn_text.query.weight', 'model.decoder.layers.0.encoder_attn_text.value.bias', 'model.decoder.layers.0.encoder_attn_text.value.weight', 'model.decoder.layers.0.self_attn.key.bias', 'model.decoder.layers.0.self_attn.key.weight', 'model.decoder.layers.0.self_attn.query.bias', 'model.decoder.layers.0.self_attn.query.weight', 'model.decoder.layers.0.self_attn.value.bias', 'model.decoder.layers.0.self_attn.value.weight', 'model.decoder.layers.1.encoder_attn_text.key.bias', 'model.decoder.layers.1.encoder_attn_text.key.weight', 'model.decoder.layers.1.encoder_attn_text.query.bias', 'model.decoder.layers.1.encoder_attn_text.query.weight', 'model.decoder.layers.1.encoder_attn_text.value.bias', 'model.decoder.layers.1.encoder_attn_text.value.weight', 'model.decoder.layers.1.self_attn.key.bias', 'model.decoder.layers.1.self_attn.key.weight', 'model.decoder.layers.1.self_attn.query.bias', 'model.decoder.layers.1.self_attn.query.weight', 'model.decoder.layers.1.self_attn.value.bias', 'model.decoder.layers.1.self_attn.value.weight', 'model.decoder.layers.2.encoder_attn_text.key.bias', 'model.decoder.layers.2.encoder_attn_text.key.weight', 'model.decoder.layers.2.encoder_attn_text.query.bias', 'model.decoder.layers.2.encoder_attn_text.query.weight', 'model.decoder.layers.2.encoder_attn_text.value.bias', 'model.decoder.layers.2.encoder_attn_text.value.weight', 'model.decoder.layers.2.self_attn.key.bias', 'model.decoder.layers.2.self_attn.key.weight', 'model.decoder.layers.2.self_attn.query.bias', 'model.decoder.layers.2.self_attn.query.weight', 'model.decoder.layers.2.self_attn.value.bias', 'model.decoder.layers.2.self_attn.value.weight', 'model.decoder.layers.3.encoder_attn_text.key.bias', 'model.decoder.layers.3.encoder_attn_text.key.weight', 'model.decoder.layers.3.encoder_attn_text.query.bias', 'model.decoder.layers.3.encoder_attn_text.query.weight', 'model.decoder.layers.3.encoder_attn_text.value.bias', 'model.decoder.layers.3.encoder_attn_text.value.weight', 'model.decoder.layers.3.self_attn.key.bias', 'model.decoder.layers.3.self_attn.key.weight', 'model.decoder.layers.3.self_attn.query.bias', 'model.decoder.layers.3.self_attn.query.weight', 'model.decoder.layers.3.self_attn.value.bias', 'model.decoder.layers.3.self_attn.value.weight', 'model.decoder.layers.4.encoder_attn_text.key.bias', 'model.decoder.layers.4.encoder_attn_text.key.weight', 'model.decoder.layers.4.encoder_attn_text.query.bias', 'model.decoder.layers.4.encoder_attn_text.query.weight', 'model.decoder.layers.4.encoder_attn_text.value.bias', 'model.decoder.layers.4.encoder_attn_text.value.weight', 'model.decoder.layers.4.self_attn.key.bias', 'model.decoder.layers.4.self_attn.key.weight', 'model.decoder.layers.4.self_attn.query.bias', 'model.decoder.layers.4.self_attn.query.weight', 'model.decoder.layers.4.self_attn.value.bias', 'model.decoder.layers.4.self_attn.value.weight', 'model.decoder.layers.5.encoder_attn_text.key.bias', 'model.decoder.layers.5.encoder_attn_text.key.weight', 'model.decoder.layers.5.encoder_attn_text.query.bias', 'model.decoder.layers.5.encoder_attn_text.query.weight', 'model.decoder.layers.5.encoder_attn_text.value.bias', 'model.decoder.layers.5.encoder_attn_text.value.weight', 'model.decoder.layers.5.self_attn.key.bias', 'model.decoder.layers.5.self_attn.key.weight', 'model.decoder.layers.5.self_attn.query.bias', 'model.decoder.layers.5.self_attn.query.weight', 'model.decoder.layers.5.self_attn.value.bias', 'model.decoder.layers.5.self_attn.value.weight', 'model.encoder.layers.0.text_enhancer_layer.self_attn.key.bias', 'model.encoder.layers.0.text_enhancer_layer.self_attn.key.weight', 'model.encoder.layers.0.text_enhancer_layer.self_attn.query.bias', 'model.encoder.layers.0.text_enhancer_layer.self_attn.query.weight', 'model.encoder.layers.0.text_enhancer_layer.self_attn.value.bias', 'model.encoder.layers.0.text_enhancer_layer.self_attn.value.weight', 'model.encoder.layers.1.text_enhancer_layer.self_attn.key.bias', 'model.encoder.layers.1.text_enhancer_layer.self_attn.key.weight', 'model.encoder.layers.1.text_enhancer_layer.self_attn.query.bias', 'model.encoder.layers.1.text_enhancer_layer.self_attn.query.weight', 'model.encoder.layers.1.text_enhancer_layer.self_attn.value.bias', 'model.encoder.layers.1.text_enhancer_layer.self_attn.value.weight', 'model.encoder.layers.2.text_enhancer_layer.self_attn.key.bias', 'model.encoder.layers.2.text_enhancer_layer.self_attn.key.weight', 'model.encoder.layers.2.text_enhancer_layer.self_attn.query.bias', 'model.encoder.layers.2.text_enhancer_layer.self_attn.query.weight', 'model.encoder.layers.2.text_enhancer_layer.self_attn.value.bias', 'model.encoder.layers.2.text_enhancer_layer.self_attn.value.weight', 'model.encoder.layers.3.text_enhancer_layer.self_attn.key.bias', 'model.encoder.layers.3.text_enhancer_layer.self_attn.key.weight', 'model.encoder.layers.3.text_enhancer_layer.self_attn.query.bias', 'model.encoder.layers.3.text_enhancer_layer.self_attn.query.weight', 'model.encoder.layers.3.text_enhancer_layer.self_attn.value.bias', 'model.encoder.layers.3.text_enhancer_layer.self_attn.value.weight', 'model.encoder.layers.4.text_enhancer_layer.self_attn.key.bias', 'model.encoder.layers.4.text_enhancer_layer.self_attn.key.weight', 'model.encoder.layers.4.text_enhancer_layer.self_attn.query.bias', 'model.encoder.layers.4.text_enhancer_layer.self_attn.query.weight', 'model.encoder.layers.4.text_enhancer_layer.self_attn.value.bias', 'model.encoder.layers.4.text_enhancer_layer.self_attn.value.weight', 'model.encoder.layers.5.text_enhancer_layer.self_attn.key.bias', 'model.encoder.layers.5.text_enhancer_layer.self_attn.key.weight', 'model.encoder.layers.5.text_enhancer_layer.self_attn.query.bias', 'model.encoder.layers.5.text_enhancer_layer.self_attn.query.weight', 'model.encoder.layers.5.text_enhancer_layer.self_attn.value.bias', 'model.encoder.layers.5.text_enhancer_layer.self_attn.value.weight']
You should probably TRAIN this model on a down-stream task to be able to use it for predictions and inference.
/root/miniconda3/lib/python3.12/site-packages/transformers/models/grounding_dino/processing_grounding_dino.py:100: FutureWarning: The key `labels` is will return integer ids in `GroundingDinoProcessor.post_process_grounded_object_detection` output since v4.51.0. Use `text_labels` instead to retrieve string object names.
  warnings.warn(self.message, FutureWarning)
[1/320] Counting_Overall_counting_0 pred=172 ref=153 target=ship calls=147 backend=grounding_dino
/root/miniconda3/lib/python3.12/site-packages/transformers/models/grounding_dino/processing_grounding_dino.py:100: FutureWarning: The key `labels` is will return integer ids in `GroundingDinoProcessor.post_process_grounded_object_detection` output since v4.51.0. Use `text_labels` instead to retrieve string object names.
  warnings.warn(self.message, FutureWarning)
[2/320] Counting_Overall_counting_1 pred=180 ref=9 target=boat calls=147 backend=grounding_dino
/root/miniconda3/lib/python3.12/site-packages/transformers/models/grounding_dino/processing_grounding_dino.py:100: FutureWarning: The key `labels` is will return integer ids in `GroundingDinoProcessor.post_process_grounded_object_detection` output since v4.51.0. Use `text_labels` instead to retrieve string object names.
  warnings.warn(self.message, FutureWarning)
[3/320] Counting_Overall_counting_2 pred=175 ref=44 target=ship calls=158 backend=grounding_dino
/root/miniconda3/lib/python3.12/site-packages/transformers/models/grounding_dino/processing_grounding_dino.py:100: FutureWarning: The key `labels` is will return integer ids in `GroundingDinoProcessor.post_process_grounded_object_detection` output since v4.51.0. Use `text_labels` instead to retrieve string object names.
  warnings.warn(self.message, FutureWarning)
[4/320] Counting_Overall_counting_3 pred=1107 ref=15 target=ship calls=318 backend=grounding_dino
/root/miniconda3/lib/python3.12/site-packages/transformers/models/grounding_dino/processing_grounding_dino.py:100: FutureWarning: The key `labels` is will return integer ids in `GroundingDinoProcessor.post_process_grounded_object_detection` output since v4.51.0. Use `text_labels` instead to retrieve string object names.
  warnings.warn(self.message, FutureWarning)
[5/320] Counting_Overall_counting_4 pred=1318 ref=554 target=vehicle calls=318 backend=grounding_dino
/root/miniconda3/lib/python3.12/site-packages/transformers/models/grounding_dino/processing_grounding_dino.py:100: FutureWarning: The key `labels` is will return integer ids in `GroundingDinoProcessor.post_process_grounded_object_detection` output since v4.51.0. Use `text_labels` instead to retrieve string object names.
  warnings.warn(self.message, FutureWarning)
[6/320] Counting_Overall_counting_5 pred=198 ref=33 target=ship calls=147 backend=grounding_dino
/root/miniconda3/lib/python3.12/site-packages/transformers/models/grounding_dino/processing_grounding_dino.py:100: FutureWarning: The key `labels` is will return integer ids in `GroundingDinoProcessor.post_process_grounded_object_detection` output since v4.51.0. Use `text_labels` instead to retrieve string object names.
  warnings.warn(self.message, FutureWarning)
[7/320] Counting_Overall_counting_6 pred=457 ref=76 target=boat calls=147 backend=grounding_dino
/root/miniconda3/lib/python3.12/site-packages/transformers/models/grounding_dino/processing_grounding_dino.py:100: FutureWarning: The key `labels` is will return integer ids in `GroundingDinoProcessor.post_process_grounded_object_detection` output since v4.51.0. Use `text_labels` instead to retrieve string object names.
  warnings.warn(self.message, FutureWarning)
[8/320] Counting_Overall_counting_7 pred=248 ref=16 target=buoy calls=71 backend=grounding_dino
/root/miniconda3/lib/python3.12/site-packages/transformers/models/grounding_dino/processing_grounding_dino.py:100: FutureWarning: The key `labels` is will return integer ids in `GroundingDinoProcessor.post_process_grounded_object_detection` output since v4.51.0. Use `text_labels` instead to retrieve string object names.
  warnings.warn(self.message, FutureWarning)
[9/320] Counting_Overall_counting_8 pred=609 ref=3 target=boat calls=318 backend=grounding_dino
/root/miniconda3/lib/python3.12/site-packages/transformers/models/grounding_dino/processing_grounding_dino.py:100: FutureWarning: The key `labels` is will return integer ids in `GroundingDinoProcessor.post_process_grounded_object_detection` output since v4.51.0. Use `text_labels` instead to retrieve string object names.
  warnings.warn(self.message, FutureWarning)
[10/320] Counting_Overall_counting_9 pred=981 ref=632 target=vehicle calls=318 backend=grounding_dino
/root/miniconda3/lib/python3.12/site-packages/transformers/models/grounding_dino/processing_grounding_dino.py:100: FutureWarning: The key `labels` is will return integer ids in `GroundingDinoProcessor.post_process_grounded_object_detection` output since v4.51.0. Use `text_labels` instead to retrieve string object names.
  warnings.warn(self.message, FutureWarning)
[11/320] Counting_Overall_counting_10 pred=382 ref=104 target=vehicle calls=318 backend=grounding_dino
/root/miniconda3/lib/python3.12/site-packages/transformers/models/grounding_dino/processing_grounding_dino.py:100: FutureWarning: The key `labels` is will return integer ids in `GroundingDinoProcessor.post_process_grounded_object_detection` output since v4.51.0. Use `text_labels` instead to retrieve string object names.
  warnings.warn(self.message, FutureWarning)
[12/320] Counting_Overall_counting_11 pred=354 ref=261 target=ship calls=147 backend=grounding_dino
/root/miniconda3/lib/python3.12/site-packages/transformers/models/grounding_dino/processing_grounding_dino.py:100: FutureWarning: The key `labels` is will return integer ids in `GroundingDinoProcessor.post_process_grounded_object_detection` output since v4.51.0. Use `text_labels` instead to retrieve string object names.
  warnings.warn(self.message, FutureWarning)
[13/320] Counting_Overall_counting_12 pred=861 ref=322 target=vehicle calls=321 backend=grounding_dino
/root/miniconda3/lib/python3.12/site-packages/transformers/models/grounding_dino/processing_grounding_dino.py:100: FutureWarning: The key `labels` is will return integer ids in `GroundingDinoProcessor.post_process_grounded_object_detection` output since v4.51.0. Use `text_labels` instead to retrieve string object names.
  warnings.warn(self.message, FutureWarning)
[14/320] Counting_Overall_counting_13 pred=601 ref=23 target=boat calls=318 backend=grounding_dino
/root/miniconda3/lib/python3.12/site-packages/transformers/models/grounding_dino/processing_grounding_dino.py:100: FutureWarning: The key `labels` is will return integer ids in `GroundingDinoProcessor.post_process_grounded_object_detection` output since v4.51.0. Use `text_labels` instead to retrieve string object names.
  warnings.warn(self.message, FutureWarning)
[15/320] Counting_Overall_counting_14 pred=499 ref=761 target=ship calls=147 backend=grounding_dino
/root/miniconda3/lib/python3.12/site-packages/transformers/models/grounding_dino/processing_grounding_dino.py:100: FutureWarning: The key `labels` is will return integer ids in `GroundingDinoProcessor.post_process_grounded_object_detection` output since v4.51.0. Use `text_labels` instead to retrieve string object names.
  warnings.warn(self.message, FutureWarning)
[16/320] Counting_Overall_counting_15 pred=78 ref=19 target=oil tank calls=31 backend=grounding_dino
/root/miniconda3/lib/python3.12/site-packages/transformers/models/grounding_dino/processing_grounding_dino.py:100: FutureWarning: The key `labels` is will return integer ids in `GroundingDinoProcessor.post_process_grounded_object_detection` output since v4.51.0. Use `text_labels` instead to retrieve string object names.
  warnings.warn(self.message, FutureWarning)
[17/320] Counting_Overall_counting_16 pred=788 ref=7 target=boat calls=318 backend=grounding_dino
/root/miniconda3/lib/python3.12/site-packages/transformers/models/grounding_dino/processing_grounding_dino.py:100: FutureWarning: The key `labels` is will return integer ids in `GroundingDinoProcessor.post_process_grounded_object_detection` output since v4.51.0. Use `text_labels` instead to retrieve string object names.
  warnings.warn(self.message, FutureWarning)
[18/320] Counting_Overall_counting_17 pred=609 ref=185 target=vehicle calls=321 backend=grounding_dino
/root/miniconda3/lib/python3.12/site-packages/transformers/models/grounding_dino/processing_grounding_dino.py:100: FutureWarning: The key `labels` is will return integer ids in `GroundingDinoProcessor.post_process_grounded_object_detection` output since v4.51.0. Use `text_labels` instead to retrieve string object names.
  warnings.warn(self.message, FutureWarning)
[19/320] Counting_Overall_counting_18 pred=1393 ref=9 target=boat calls=846 backend=grounding_dino
/root/miniconda3/lib/python3.12/site-packages/transformers/models/grounding_dino/processing_grounding_dino.py:100: FutureWarning: The key `labels` is will return integer ids in `GroundingDinoProcessor.post_process_grounded_object_detection` output since v4.51.0. Use `text_labels` instead to retrieve string object names.
  warnings.warn(self.message, FutureWarning)
[20/320] Counting_Overall_counting_19 pred=402 ref=124 target=vehicle calls=321 backend=grounding_dino
/root/miniconda3/lib/python3.12/site-packages/transformers/models/grounding_dino/processing_grounding_dino.py:100: FutureWarning: The key `labels` is will return integer ids in `GroundingDinoProcessor.post_process_grounded_object_detection` output since v4.51.0. Use `text_labels` instead to retrieve string object names.
  warnings.warn(self.message, FutureWarning)
[21/320] Counting_Overall_counting_20 pred=576 ref=254 target=vehicle calls=321 backend=grounding_dino
/root/miniconda3/lib/python3.12/site-packages/transformers/models/grounding_dino/processing_grounding_dino.py:100: FutureWarning: The key `labels` is will return integer ids in `GroundingDinoProcessor.post_process_grounded_object_detection` output since v4.51.0. Use `text_labels` instead to retrieve string object names.
  warnings.warn(self.message, FutureWarning)
[22/320] Counting_Overall_counting_21 pred=324 ref=8 target=ship calls=147 backend=grounding_dino
/root/miniconda3/lib/python3.12/site-packages/transformers/models/grounding_dino/processing_grounding_dino.py:100: FutureWarning: The key `labels` is will return integer ids in `GroundingDinoProcessor.post_process_grounded_object_detection` output since v4.51.0. Use `text_labels` instead to retrieve string object names.
  warnings.warn(self.message, FutureWarning)
[23/320] Counting_Overall_counting_22 pred=482 ref=15 target=building calls=71 backend=grounding_dino
/root/miniconda3/lib/python3.12/site-packages/transformers/models/grounding_dino/processing_grounding_dino.py:100: FutureWarning: The key `labels` is will return integer ids in `GroundingDinoProcessor.post_process_grounded_object_detection` output since v4.51.0. Use `text_labels` instead to retrieve string object names.
  warnings.warn(self.message, FutureWarning)
[24/320] Counting_Overall_counting_23 pred=731 ref=322 target=vehicle calls=318 backend=grounding_dino
/root/miniconda3/lib/python3.12/site-packages/transformers/models/grounding_dino/processing_grounding_dino.py:100: FutureWarning: The key `labels` is will return integer ids in `GroundingDinoProcessor.post_process_grounded_object_detection` output since v4.51.0. Use `text_labels` instead to retrieve string object names.
  warnings.warn(self.message, FutureWarning)
[25/320] Counting_Overall_counting_24 pred=334 ref=235 target=ship calls=147 backend=grounding_dino
/root/miniconda3/lib/python3.12/site-packages/transformers/models/grounding_dino/processing_grounding_dino.py:100: FutureWarning: The key `labels` is will return integer ids in `GroundingDinoProcessor.post_process_grounded_object_detection` output since v4.51.0. Use `text_labels` instead to retrieve string object names.
  warnings.warn(self.message, FutureWarning)
[26/320] Counting_Overall_counting_25 pred=103 ref=8 target=oil tank calls=26 backend=grounding_dino
/root/miniconda3/lib/python3.12/site-packages/transformers/models/grounding_dino/processing_grounding_dino.py:100: FutureWarning: The key `labels` is will return integer ids in `GroundingDinoProcessor.post_process_grounded_object_detection` output since v4.51.0. Use `text_labels` instead to retrieve string object names.
  warnings.warn(self.message, FutureWarning)
[27/320] Counting_Overall_counting_26 pred=413 ref=14 target=building calls=71 backend=grounding_dino
/root/miniconda3/lib/python3.12/site-packages/transformers/models/grounding_dino/processing_grounding_dino.py:100: FutureWarning: The key `labels` is will return integer ids in `GroundingDinoProcessor.post_process_grounded_object_detection` output since v4.51.0. Use `text_labels` instead to retrieve string object names.
  warnings.warn(self.message, FutureWarning)
[28/320] Counting_Overall_counting_27 pred=277 ref=318 target=ship calls=147 backend=grounding_dino
/root/miniconda3/lib/python3.12/site-packages/transformers/models/grounding_dino/processing_grounding_dino.py:100: FutureWarning: The key `labels` is will return integer ids in `GroundingDinoProcessor.post_process_grounded_object_detection` output since v4.51.0. Use `text_labels` instead to retrieve string object names.
  warnings.warn(self.message, FutureWarning)
[29/320] Counting_Overall_counting_28 pred=535 ref=13 target=building calls=71 backend=grounding_dino
/root/miniconda3/lib/python3.12/site-packages/transformers/models/grounding_dino/processing_grounding_dino.py:100: FutureWarning: The key `labels` is will return integer ids in `GroundingDinoProcessor.post_process_grounded_object_detection` output since v4.51.0. Use `text_labels` instead to retrieve string object names.
  warnings.warn(self.message, FutureWarning)
[30/320] Counting_Overall_counting_29 pred=295 ref=37 target=boat calls=147 backend=grounding_dino
/root/miniconda3/lib/python3.12/site-packages/transformers/models/grounding_dino/processing_grounding_dino.py:100: FutureWarning: The key `labels` is will return integer ids in `GroundingDinoProcessor.post_process_grounded_object_detection` output since v4.51.0. Use `text_labels` instead to retrieve string object names.
  warnings.warn(self.message, FutureWarning)
[31/320] Counting_Overall_counting_30 pred=49 ref=97 target=oil tank calls=26 backend=grounding_dino
/root/miniconda3/lib/python3.12/site-packages/transformers/models/grounding_dino/processing_grounding_dino.py:100: FutureWarning: The key `labels` is will return integer ids in `GroundingDinoProcessor.post_process_grounded_object_detection` output since v4.51.0. Use `text_labels` instead to retrieve string object names.
  warnings.warn(self.message, FutureWarning)
[32/320] Counting_Overall_counting_31 pred=350 ref=47 target=ship calls=152 backend=grounding_dino
/root/miniconda3/lib/python3.12/site-packages/transformers/models/grounding_dino/processing_grounding_dino.py:100: FutureWarning: The key `labels` is will return integer ids in `GroundingDinoProcessor.post_process_grounded_object_detection` output since v4.51.0. Use `text_labels` instead to retrieve string object names.
  warnings.warn(self.message, FutureWarning)
[33/320] Counting_Overall_counting_32 pred=784 ref=7 target=boat calls=318 backend=grounding_dino
/root/miniconda3/lib/python3.12/site-packages/transformers/models/grounding_dino/processing_grounding_dino.py:100: FutureWarning: The key `labels` is will return integer ids in `GroundingDinoProcessor.post_process_grounded_object_detection` output since v4.51.0. Use `text_labels` instead to retrieve string object names.
  warnings.warn(self.message, FutureWarning)
[34/320] Counting_Overall_counting_33 pred=166 ref=13 target=ship calls=147 backend=grounding_dino
/root/miniconda3/lib/python3.12/site-packages/transformers/models/grounding_dino/processing_grounding_dino.py:100: FutureWarning: The key `labels` is will return integer ids in `GroundingDinoProcessor.post_process_grounded_object_detection` output since v4.51.0. Use `text_labels` instead to retrieve string object names.
  warnings.warn(self.message, FutureWarning)
[35/320] Counting_Overall_counting_34 pred=451 ref=1 target=min calls=170 backend=grounding_dino
/root/miniconda3/lib/python3.12/site-packages/transformers/models/grounding_dino/processing_grounding_dino.py:100: FutureWarning: The key `labels` is will return integer ids in `GroundingDinoProcessor.post_process_grounded_object_detection` output since v4.51.0. Use `text_labels` instead to retrieve string object names.
  warnings.warn(self.message, FutureWarning)
[36/320] Counting_Overall_counting_35 pred=1029 ref=411 target=vehicle calls=318 backend=grounding_dino
/root/miniconda3/lib/python3.12/site-packages/transformers/models/grounding_dino/processing_grounding_dino.py:100: FutureWarning: The key `labels` is will return integer ids in `GroundingDinoProcessor.post_process_grounded_object_detection` output since v4.51.0. Use `text_labels` instead to retrieve string object names.
  warnings.warn(self.message, FutureWarning)
[37/320] Counting_Overall_counting_36 pred=355 ref=16 target=building calls=71 backend=grounding_dino
/root/miniconda3/lib/python3.12/site-packages/transformers/models/grounding_dino/processing_grounding_dino.py:100: FutureWarning: The key `labels` is will return integer ids in `GroundingDinoProcessor.post_process_grounded_object_detection` output since v4.51.0. Use `text_labels` instead to retrieve string object names.
  warnings.warn(self.message, FutureWarning)
[38/320] Counting_Overall_counting_37 pred=361 ref=194 target=ship calls=152 backend=grounding_dino
/root/miniconda3/lib/python3.12/site-packages/transformers/models/grounding_dino/processing_grounding_dino.py:100: FutureWarning: The key `labels` is will return integer ids in `GroundingDinoProcessor.post_process_grounded_object_detection` output since v4.51.0. Use `text_labels` instead to retrieve string object names.
  warnings.warn(self.message, FutureWarning)
[39/320] Counting_Overall_counting_38 pred=65 ref=42 target=storage tank calls=26 backend=grounding_dino
/root/miniconda3/lib/python3.12/site-packages/transformers/models/grounding_dino/processing_grounding_dino.py:100: FutureWarning: The key `labels` is will return integer ids in `GroundingDinoProcessor.post_process_grounded_object_detection` output since v4.51.0. Use `text_labels` instead to retrieve string object names.
  warnings.warn(self.message, FutureWarning)
[40/320] Counting_Overall_counting_39 pred=680 ref=349 target=vehicle calls=321 backend=grounding_dino
/root/miniconda3/lib/python3.12/site-packages/transformers/models/grounding_dino/processing_grounding_dino.py:100: FutureWarning: The key `labels` is will return integer ids in `GroundingDinoProcessor.post_process_grounded_object_detection` output since v4.51.0. Use `text_labels` instead to retrieve string object names.
  warnings.warn(self.message, FutureWarning)
[41/320] Counting_Overall_counting_40 pred=287 ref=93 target=ship calls=147 backend=grounding_dino
/root/miniconda3/lib/python3.12/site-packages/transformers/models/grounding_dino/processing_grounding_dino.py:100: FutureWarning: The key `labels` is will return integer ids in `GroundingDinoProcessor.post_process_grounded_object_detection` output since v4.51.0. Use `text_labels` instead to retrieve string object names.
  warnings.warn(self.message, FutureWarning)
[42/320] Counting_Overall_counting_41 pred=98 ref=15 target=oil tank calls=26 backend=grounding_dino
/root/miniconda3/lib/python3.12/site-packages/transformers/models/grounding_dino/processing_grounding_dino.py:100: FutureWarning: The key `labels` is will return integer ids in `GroundingDinoProcessor.post_process_grounded_object_detection` output since v4.51.0. Use `text_labels` instead to retrieve string object names.
  warnings.warn(self.message, FutureWarning)
[43/320] Counting_Overall_counting_42 pred=476 ref=195 target=vehicle calls=186 backend=grounding_dino
/root/miniconda3/lib/python3.12/site-packages/transformers/models/grounding_dino/processing_grounding_dino.py:100: FutureWarning: The key `labels` is will return integer ids in `GroundingDinoProcessor.post_process_grounded_object_detection` output since v4.51.0. Use `text_labels` instead to retrieve string object names.
  warnings.warn(self.message, FutureWarning)
[44/320] Counting_Overall_counting_43 pred=330 ref=66 target=vehicle calls=186 backend=grounding_dino
/root/miniconda3/lib/python3.12/site-packages/transformers/models/grounding_dino/processing_grounding_dino.py:100: FutureWarning: The key `labels` is will return integer ids in `GroundingDinoProcessor.post_process_grounded_object_detection` output since v4.51.0. Use `text_labels` instead to retrieve string object names.
  warnings.warn(self.message, FutureWarning)
[45/320] Counting_Overall_counting_44 pred=443 ref=433 target=ship calls=147 backend=grounding_dino
/root/miniconda3/lib/python3.12/site-packages/transformers/models/grounding_dino/processing_grounding_dino.py:100: FutureWarning: The key `labels` is will return integer ids in `GroundingDinoProcessor.post_process_grounded_object_detection` output since v4.51.0. Use `text_labels` instead to retrieve string object names.
  warnings.warn(self.message, FutureWarning)
[46/320] Counting_Overall_counting_45 pred=347 ref=24 target=boat calls=147 backend=grounding_dino
/root/miniconda3/lib/python3.12/site-packages/transformers/models/grounding_dino/processing_grounding_dino.py:100: FutureWarning: The key `labels` is will return integer ids in `GroundingDinoProcessor.post_process_grounded_object_detection` output since v4.51.0. Use `text_labels` instead to retrieve string object names.
  warnings.warn(self.message, FutureWarning)
[47/320] Counting_Overall_counting_46 pred=183 ref=42 target=ship calls=147 backend=grounding_dino
/root/miniconda3/lib/python3.12/site-packages/transformers/models/grounding_dino/processing_grounding_dino.py:100: FutureWarning: The key `labels` is will return integer ids in `GroundingDinoProcessor.post_process_grounded_object_detection` output since v4.51.0. Use `text_labels` instead to retrieve string object names.
  warnings.warn(self.message, FutureWarning)
[48/320] Counting_Overall_counting_47 pred=388 ref=25 target=ship calls=152 backend=grounding_dino
/root/miniconda3/lib/python3.12/site-packages/transformers/models/grounding_dino/processing_grounding_dino.py:100: FutureWarning: The key `labels` is will return integer ids in `GroundingDinoProcessor.post_process_grounded_object_detection` output since v4.51.0. Use `text_labels` instead to retrieve string object names.
  warnings.warn(self.message, FutureWarning)
[49/320] Counting_Overall_counting_48 pred=339 ref=2 target=boat calls=152 backend=grounding_dino
/root/miniconda3/lib/python3.12/site-packages/transformers/models/grounding_dino/processing_grounding_dino.py:100: FutureWarning: The key `labels` is will return integer ids in `GroundingDinoProcessor.post_process_grounded_object_detection` output since v4.51.0. Use `text_labels` instead to retrieve string object names.
  warnings.warn(self.message, FutureWarning)
[50/320] Counting_Overall_counting_49 pred=1131 ref=485 target=vehicle calls=318 backend=grounding_dino
/root/miniconda3/lib/python3.12/site-packages/transformers/models/grounding_dino/processing_grounding_dino.py:100: FutureWarning: The key `labels` is will return integer ids in `GroundingDinoProcessor.post_process_grounded_object_detection` output since v4.51.0. Use `text_labels` instead to retrieve string object names.
  warnings.warn(self.message, FutureWarning)
[51/320] Counting_Overall_counting_50 pred=521 ref=168 target=vehicle calls=321 backend=grounding_dino
/root/miniconda3/lib/python3.12/site-packages/transformers/models/grounding_dino/processing_grounding_dino.py:100: FutureWarning: The key `labels` is will return integer ids in `GroundingDinoProcessor.post_process_grounded_object_detection` output since v4.51.0. Use `text_labels` instead to retrieve string object names.
  warnings.warn(self.message, FutureWarning)
[52/320] Counting_Overall_counting_51 pred=658 ref=304 target=vehicle calls=321 backend=grounding_dino
/root/miniconda3/lib/python3.12/site-packages/transformers/models/grounding_dino/processing_grounding_dino.py:100: FutureWarning: The key `labels` is will return integer ids in `GroundingDinoProcessor.post_process_grounded_object_detection` output since v4.51.0. Use `text_labels` instead to retrieve string object names.
  warnings.warn(self.message, FutureWarning)
[53/320] Counting_Overall_counting_52 pred=333 ref=734 target=ship calls=152 backend=grounding_dino
/root/miniconda3/lib/python3.12/site-packages/transformers/models/grounding_dino/processing_grounding_dino.py:100: FutureWarning: The key `labels` is will return integer ids in `GroundingDinoProcessor.post_process_grounded_object_detection` output since v4.51.0. Use `text_labels` instead to retrieve string object names.
  warnings.warn(self.message, FutureWarning)
[54/320] Counting_Overall_counting_53 pred=425 ref=169 target=ship calls=152 backend=grounding_dino
/root/miniconda3/lib/python3.12/site-packages/transformers/models/grounding_dino/processing_grounding_dino.py:100: FutureWarning: The key `labels` is will return integer ids in `GroundingDinoProcessor.post_process_grounded_object_detection` output since v4.51.0. Use `text_labels` instead to retrieve string object names.
  warnings.warn(self.message, FutureWarning)
[55/320] Counting_Overall_counting_54 pred=585 ref=156 target=vehicle calls=318 backend=grounding_dino
/root/miniconda3/lib/python3.12/site-packages/transformers/models/grounding_dino/processing_grounding_dino.py:100: FutureWarning: The key `labels` is will return integer ids in `GroundingDinoProcessor.post_process_grounded_object_detection` output since v4.51.0. Use `text_labels` instead to retrieve string object names.
  warnings.warn(self.message, FutureWarning)
[56/320] Counting_Overall_counting_55 pred=219 ref=47 target=ship calls=147 backend=grounding_dino
/root/miniconda3/lib/python3.12/site-packages/transformers/models/grounding_dino/processing_grounding_dino.py:100: FutureWarning: The key `labels` is will return integer ids in `GroundingDinoProcessor.post_process_grounded_object_detection` output since v4.51.0. Use `text_labels` instead to retrieve string object names.
  warnings.warn(self.message, FutureWarning)
[57/320] Counting_Overall_counting_56 pred=545 ref=7 target=patches forest calls=170 backend=grounding_dino
/root/miniconda3/lib/python3.12/site-packages/transformers/models/grounding_dino/processing_grounding_dino.py:100: FutureWarning: The key `labels` is will return integer ids in `GroundingDinoProcessor.post_process_grounded_object_detection` output since v4.51.0. Use `text_labels` instead to retrieve string object names.
  warnings.warn(self.message, FutureWarning)
[58/320] Counting_Overall_counting_57 pred=807 ref=341 target=vehicle calls=321 backend=grounding_dino
/root/miniconda3/lib/python3.12/site-packages/transformers/models/grounding_dino/processing_grounding_dino.py:100: FutureWarning: The key `labels` is will return integer ids in `GroundingDinoProcessor.post_process_grounded_object_detection` output since v4.51.0. Use `text_labels` instead to retrieve string object names.
  warnings.warn(self.message, FutureWarning)
[59/320] Counting_Overall_counting_58 pred=991 ref=459 target=vehicle calls=318 backend=grounding_dino
/root/miniconda3/lib/python3.12/site-packages/transformers/models/grounding_dino/processing_grounding_dino.py:100: FutureWarning: The key `labels` is will return integer ids in `GroundingDinoProcessor.post_process_grounded_object_detection` output since v4.51.0. Use `text_labels` instead to retrieve string object names.
  warnings.warn(self.message, FutureWarning)
[60/320] Counting_Overall_counting_59 pred=461 ref=114 target=vehicle calls=321 backend=grounding_dino
/root/miniconda3/lib/python3.12/site-packages/transformers/models/grounding_dino/processing_grounding_dino.py:100: FutureWarning: The key `labels` is will return integer ids in `GroundingDinoProcessor.post_process_grounded_object_detection` output since v4.51.0. Use `text_labels` instead to retrieve string object names.
  warnings.warn(self.message, FutureWarning)
[61/320] Counting_Counting_with_complex_reasoning_0 pred=89 ref=1 target=blue swimming pool calls=92 backend=grounding_dino
/root/miniconda3/lib/python3.12/site-packages/transformers/models/grounding_dino/processing_grounding_dino.py:100: FutureWarning: The key `labels` is will return integer ids in `GroundingDinoProcessor.post_process_grounded_object_detection` output since v4.51.0. Use `text_labels` instead to retrieve string object names.
  warnings.warn(self.message, FutureWarning)
[62/320] Counting_Counting_with_complex_reasoning_1 pred=130 ref=1 target=swimming pool calls=50 backend=grounding_dino
/root/miniconda3/lib/python3.12/site-packages/transformers/models/grounding_dino/processing_grounding_dino.py:100: FutureWarning: The key `labels` is will return integer ids in `GroundingDinoProcessor.post_process_grounded_object_detection` output since v4.51.0. Use `text_labels` instead to retrieve string object names.
  warnings.warn(self.message, FutureWarning)
[63/320] Counting_Counting_with_complex_reasoning_2 pred=91 ref=2 target=red tennis court calls=50 backend=grounding_dino
/root/miniconda3/lib/python3.12/site-packages/transformers/models/grounding_dino/processing_grounding_dino.py:100: FutureWarning: The key `labels` is will return integer ids in `GroundingDinoProcessor.post_process_grounded_object_detection` output since v4.51.0. Use `text_labels` instead to retrieve string object names.
  warnings.warn(self.message, FutureWarning)
[64/320] Counting_Counting_with_complex_reasoning_3 pred=158 ref=22 target=vehicle calls=86 backend=grounding_dino
/root/miniconda3/lib/python3.12/site-packages/transformers/models/grounding_dino/processing_grounding_dino.py:100: FutureWarning: The key `labels` is will return integer ids in `GroundingDinoProcessor.post_process_grounded_object_detection` output since v4.51.0. Use `text_labels` instead to retrieve string object names.
  warnings.warn(self.message, FutureWarning)
[65/320] Counting_Counting_with_complex_reasoning_4 pred=357 ref=1 target=swimming pools surrounded by forest calls=50 backend=grounding_dino
/root/miniconda3/lib/python3.12/site-packages/transformers/models/grounding_dino/processing_grounding_dino.py:100: FutureWarning: The key `labels` is will return integer ids in `GroundingDinoProcessor.post_process_grounded_object_detection` output since v4.51.0. Use `text_labels` instead to retrieve string object names.
  warnings.warn(self.message, FutureWarning)
[66/320] Counting_Counting_with_complex_reasoning_5 pred=186 ref=3 target=boat calls=147 backend=grounding_dino
/root/miniconda3/lib/python3.12/site-packages/transformers/models/grounding_dino/processing_grounding_dino.py:100: FutureWarning: The key `labels` is will return integer ids in `GroundingDinoProcessor.post_process_grounded_object_detection` output since v4.51.0. Use `text_labels` instead to retrieve string object names.
  warnings.warn(self.message, FutureWarning)
[67/320] Counting_Counting_with_complex_reasoning_6 pred=203 ref=8 target=vehicle calls=35 backend=grounding_dino
/root/miniconda3/lib/python3.12/site-packages/transformers/models/grounding_dino/processing_grounding_dino.py:100: FutureWarning: The key `labels` is will return integer ids in `GroundingDinoProcessor.post_process_grounded_object_detection` output since v4.51.0. Use `text_labels` instead to retrieve string object names.
  warnings.warn(self.message, FutureWarning)
[68/320] Counting_Counting_with_complex_reasoning_7 pred=656 ref=9 target=parking lot calls=170 backend=grounding_dino
/root/miniconda3/lib/python3.12/site-packages/transformers/models/grounding_dino/processing_grounding_dino.py:100: FutureWarning: The key `labels` is will return integer ids in `GroundingDinoProcessor.post_process_grounded_object_detection` output since v4.51.0. Use `text_labels` instead to retrieve string object names.
  warnings.warn(self.message, FutureWarning)
[69/320] Counting_Counting_with_complex_reasoning_8 pred=122 ref=1 target=min calls=50 backend=grounding_dino
/root/miniconda3/lib/python3.12/site-packages/transformers/models/grounding_dino/processing_grounding_dino.py:100: FutureWarning: The key `labels` is will return integer ids in `GroundingDinoProcessor.post_process_grounded_object_detection` output since v4.51.0. Use `text_labels` instead to retrieve string object names.
  warnings.warn(self.message, FutureWarning)
[70/320] Counting_Counting_with_complex_reasoning_9 pred=469 ref=50 target=building calls=50 backend=grounding_dino
/root/miniconda3/lib/python3.12/site-packages/transformers/models/grounding_dino/processing_grounding_dino.py:100: FutureWarning: The key `labels` is will return integer ids in `GroundingDinoProcessor.post_process_grounded_object_detection` output since v4.51.0. Use `text_labels` instead to retrieve string object names.
  warnings.warn(self.message, FutureWarning)
[71/320] Counting_Counting_with_complex_reasoning_10 pred=95 ref=2 target=red tennis court calls=50 backend=grounding_dino
/root/miniconda3/lib/python3.12/site-packages/transformers/models/grounding_dino/processing_grounding_dino.py:100: FutureWarning: The key `labels` is will return integer ids in `GroundingDinoProcessor.post_process_grounded_object_detection` output since v4.51.0. Use `text_labels` instead to retrieve string object names.
  warnings.warn(self.message, FutureWarning)
[72/320] Counting_Counting_with_complex_reasoning_11 pred=221 ref=19 target=vehicle calls=86 backend=grounding_dino
/root/miniconda3/lib/python3.12/site-packages/transformers/models/grounding_dino/processing_grounding_dino.py:100: FutureWarning: The key `labels` is will return integer ids in `GroundingDinoProcessor.post_process_grounded_object_detection` output since v4.51.0. Use `text_labels` instead to retrieve string object names.
  warnings.warn(self.message, FutureWarning)
[73/320] Counting_Counting_with_complex_reasoning_12 pred=325 ref=6 target=parking lot calls=92 backend=grounding_dino
/root/miniconda3/lib/python3.12/site-packages/transformers/models/grounding_dino/processing_grounding_dino.py:100: FutureWarning: The key `labels` is will return integer ids in `GroundingDinoProcessor.post_process_grounded_object_detection` output since v4.51.0. Use `text_labels` instead to retrieve string object names.
  warnings.warn(self.message, FutureWarning)
[74/320] Counting_Counting_with_complex_reasoning_13 pred=190 ref=9 target=parking lot calls=50 backend=grounding_dino
/root/miniconda3/lib/python3.12/site-packages/transformers/models/grounding_dino/processing_grounding_dino.py:100: FutureWarning: The key `labels` is will return integer ids in `GroundingDinoProcessor.post_process_grounded_object_detection` output since v4.51.0. Use `text_labels` instead to retrieve string object names.
  warnings.warn(self.message, FutureWarning)
[75/320] Counting_Counting_with_complex_reasoning_14 pred=280 ref=1 target=large lak calls=92 backend=grounding_dino
/root/miniconda3/lib/python3.12/site-packages/transformers/models/grounding_dino/processing_grounding_dino.py:100: FutureWarning: The key `labels` is will return integer ids in `GroundingDinoProcessor.post_process_grounded_object_detection` output since v4.51.0. Use `text_labels` instead to retrieve string object names.
  warnings.warn(self.message, FutureWarning)
[76/320] Counting_Counting_with_complex_reasoning_15 pred=568 ref=30 target=people calls=71 backend=grounding_dino
/root/miniconda3/lib/python3.12/site-packages/transformers/models/grounding_dino/processing_grounding_dino.py:100: FutureWarning: The key `labels` is will return integer ids in `GroundingDinoProcessor.post_process_grounded_object_detection` output since v4.51.0. Use `text_labels` instead to retrieve string object names.
  warnings.warn(self.message, FutureWarning)
[77/320] Counting_Counting_with_complex_reasoning_16 pred=170 ref=1 target=boat calls=74 backend=grounding_dino
/root/miniconda3/lib/python3.12/site-packages/transformers/models/grounding_dino/processing_grounding_dino.py:100: FutureWarning: The key `labels` is will return integer ids in `GroundingDinoProcessor.post_process_grounded_object_detection` output since v4.51.0. Use `text_labels` instead to retrieve string object names.
  warnings.warn(self.message, FutureWarning)
[78/320] Counting_Counting_with_complex_reasoning_17 pred=68 ref=4 target=boat calls=35 backend=grounding_dino
/root/miniconda3/lib/python3.12/site-packages/transformers/models/grounding_dino/processing_grounding_dino.py:100: FutureWarning: The key `labels` is will return integer ids in `GroundingDinoProcessor.post_process_grounded_object_detection` output since v4.51.0. Use `text_labels` instead to retrieve string object names.
  warnings.warn(self.message, FutureWarning)
[79/320] Counting_Counting_with_complex_reasoning_18 pred=75 ref=1 target=gray oval-shaped track calls=50 backend=grounding_dino
/root/miniconda3/lib/python3.12/site-packages/transformers/models/grounding_dino/processing_grounding_dino.py:100: FutureWarning: The key `labels` is will return integer ids in `GroundingDinoProcessor.post_process_grounded_object_detection` output since v4.51.0. Use `text_labels` instead to retrieve string object names.
  warnings.warn(self.message, FutureWarning)
[80/320] Counting_Counting_with_complex_reasoning_19 pred=38 ref=1 target=ship calls=35 backend=grounding_dino
/root/miniconda3/lib/python3.12/site-packages/transformers/models/grounding_dino/processing_grounding_dino.py:100: FutureWarning: The key `labels` is will return integer ids in `GroundingDinoProcessor.post_process_grounded_object_detection` output since v4.51.0. Use `text_labels` instead to retrieve string object names.
  warnings.warn(self.message, FutureWarning)
[81/320] Counting_Counting_with_complex_reasoning_20 pred=210 ref=18 target=buildings with red and orange roof calls=50 backend=grounding_dino
/root/miniconda3/lib/python3.12/site-packages/transformers/models/grounding_dino/processing_grounding_dino.py:100: FutureWarning: The key `labels` is will return integer ids in `GroundingDinoProcessor.post_process_grounded_object_detection` output since v4.51.0. Use `text_labels` instead to retrieve string object names.
  warnings.warn(self.message, FutureWarning)
[82/320] Counting_Counting_with_complex_reasoning_21 pred=101 ref=1 target=oval track calls=50 backend=grounding_dino
/root/miniconda3/lib/python3.12/site-packages/transformers/models/grounding_dino/processing_grounding_dino.py:100: FutureWarning: The key `labels` is will return integer ids in `GroundingDinoProcessor.post_process_grounded_object_detection` output since v4.51.0. Use `text_labels` instead to retrieve string object names.
  warnings.warn(self.message, FutureWarning)
[83/320] Counting_Counting_with_complex_reasoning_22 pred=117 ref=2 target=unfinished soccer field calls=92 backend=grounding_dino
/root/miniconda3/lib/python3.12/site-packages/transformers/models/grounding_dino/processing_grounding_dino.py:100: FutureWarning: The key `labels` is will return integer ids in `GroundingDinoProcessor.post_process_grounded_object_detection` output since v4.51.0. Use `text_labels` instead to retrieve string object names.
  warnings.warn(self.message, FutureWarning)
[84/320] Counting_Counting_with_complex_reasoning_23 pred=1532 ref=33 target=vehicle calls=318 backend=grounding_dino
/root/miniconda3/lib/python3.12/site-packages/transformers/models/grounding_dino/processing_grounding_dino.py:100: FutureWarning: The key `labels` is will return integer ids in `GroundingDinoProcessor.post_process_grounded_object_detection` output since v4.51.0. Use `text_labels` instead to retrieve string object names.
  warnings.warn(self.message, FutureWarning)
[85/320] Counting_Counting_with_complex_reasoning_24 pred=420 ref=16 target=buildings with orange roof calls=92 backend=grounding_dino
/root/miniconda3/lib/python3.12/site-packages/transformers/models/grounding_dino/processing_grounding_dino.py:100: FutureWarning: The key `labels` is will return integer ids in `GroundingDinoProcessor.post_process_grounded_object_detection` output since v4.51.0. Use `text_labels` instead to retrieve string object names.
  warnings.warn(self.message, FutureWarning)
[86/320] Counting_Counting_with_complex_reasoning_25 pred=571 ref=10 target=vehicle calls=164 backend=grounding_dino
/root/miniconda3/lib/python3.12/site-packages/transformers/models/grounding_dino/processing_grounding_dino.py:100: FutureWarning: The key `labels` is will return integer ids in `GroundingDinoProcessor.post_process_grounded_object_detection` output since v4.51.0. Use `text_labels` instead to retrieve string object names.
  warnings.warn(self.message, FutureWarning)
[87/320] Counting_Counting_with_complex_reasoning_26 pred=173 ref=2 target=green lak calls=92 backend=grounding_dino
/root/miniconda3/lib/python3.12/site-packages/transformers/models/grounding_dino/processing_grounding_dino.py:100: FutureWarning: The key `labels` is will return integer ids in `GroundingDinoProcessor.post_process_grounded_object_detection` output since v4.51.0. Use `text_labels` instead to retrieve string object names.
  warnings.warn(self.message, FutureWarning)
[88/320] Counting_Counting_with_complex_reasoning_27 pred=128 ref=2 target=triangular lakes or pond calls=50 backend=grounding_dino
/root/miniconda3/lib/python3.12/site-packages/transformers/models/grounding_dino/processing_grounding_dino.py:100: FutureWarning: The key `labels` is will return integer ids in `GroundingDinoProcessor.post_process_grounded_object_detection` output since v4.51.0. Use `text_labels` instead to retrieve string object names.
  warnings.warn(self.message, FutureWarning)
[89/320] Counting_Counting_with_complex_reasoning_28 pred=599 ref=2 target=windmill calls=430 backend=grounding_dino
/root/miniconda3/lib/python3.12/site-packages/transformers/models/grounding_dino/processing_grounding_dino.py:100: FutureWarning: The key `labels` is will return integer ids in `GroundingDinoProcessor.post_process_grounded_object_detection` output since v4.51.0. Use `text_labels` instead to retrieve string object names.
  warnings.warn(self.message, FutureWarning)
[90/320] Counting_Counting_with_complex_reasoning_29 pred=457 ref=5 target=buildings with gray roof calls=92 backend=grounding_dino
/root/miniconda3/lib/python3.12/site-packages/transformers/models/grounding_dino/processing_grounding_dino.py:100: FutureWarning: The key `labels` is will return integer ids in `GroundingDinoProcessor.post_process_grounded_object_detection` output since v4.51.0. Use `text_labels` instead to retrieve string object names.
  warnings.warn(self.message, FutureWarning)
[91/320] Counting_Counting_with_complex_reasoning_30 pred=100 ref=1 target=clusters hous calls=50 backend=grounding_dino
/root/miniconda3/lib/python3.12/site-packages/transformers/models/grounding_dino/processing_grounding_dino.py:100: FutureWarning: The key `labels` is will return integer ids in `GroundingDinoProcessor.post_process_grounded_object_detection` output since v4.51.0. Use `text_labels` instead to retrieve string object names.
  warnings.warn(self.message, FutureWarning)
[92/320] Counting_Counting_with_complex_reasoning_31 pred=106 ref=2 target=soccer field calls=50 backend=grounding_dino
/root/miniconda3/lib/python3.12/site-packages/transformers/models/grounding_dino/processing_grounding_dino.py:100: FutureWarning: The key `labels` is will return integer ids in `GroundingDinoProcessor.post_process_grounded_object_detection` output since v4.51.0. Use `text_labels` instead to retrieve string object names.
  warnings.warn(self.message, FutureWarning)
[93/320] Counting_Counting_with_complex_reasoning_32 pred=326 ref=6 target=parking lot calls=92 backend=grounding_dino
/root/miniconda3/lib/python3.12/site-packages/transformers/models/grounding_dino/processing_grounding_dino.py:100: FutureWarning: The key `labels` is will return integer ids in `GroundingDinoProcessor.post_process_grounded_object_detection` output since v4.51.0. Use `text_labels` instead to retrieve string object names.
  warnings.warn(self.message, FutureWarning)
[94/320] Counting_Counting_with_complex_reasoning_33 pred=83 ref=1 target=red oval track calls=50 backend=grounding_dino
/root/miniconda3/lib/python3.12/site-packages/transformers/models/grounding_dino/processing_grounding_dino.py:100: FutureWarning: The key `labels` is will return integer ids in `GroundingDinoProcessor.post_process_grounded_object_detection` output since v4.51.0. Use `text_labels` instead to retrieve string object names.
  warnings.warn(self.message, FutureWarning)
[95/320] Counting_Counting_with_complex_reasoning_34 pred=135 ref=1 target=roundabout calls=50 backend=grounding_dino
/root/miniconda3/lib/python3.12/site-packages/transformers/models/grounding_dino/processing_grounding_dino.py:100: FutureWarning: The key `labels` is will return integer ids in `GroundingDinoProcessor.post_process_grounded_object_detection` output since v4.51.0. Use `text_labels` instead to retrieve string object names.
  warnings.warn(self.message, FutureWarning)
[96/320] Counting_Counting_with_complex_reasoning_35 pred=696 ref=20 target=vehicle calls=124 backend=grounding_dino
/root/miniconda3/lib/python3.12/site-packages/transformers/models/grounding_dino/processing_grounding_dino.py:100: FutureWarning: The key `labels` is will return integer ids in `GroundingDinoProcessor.post_process_grounded_object_detection` output since v4.51.0. Use `text_labels` instead to retrieve string object names.
  warnings.warn(self.message, FutureWarning)
[97/320] Counting_Counting_with_complex_reasoning_36 pred=50 ref=3 target=island calls=16 backend=grounding_dino
/root/miniconda3/lib/python3.12/site-packages/transformers/models/grounding_dino/processing_grounding_dino.py:100: FutureWarning: The key `labels` is will return integer ids in `GroundingDinoProcessor.post_process_grounded_object_detection` output since v4.51.0. Use `text_labels` instead to retrieve string object names.
  warnings.warn(self.message, FutureWarning)
[98/320] Counting_Counting_with_complex_reasoning_37 pred=754 ref=27 target=vehicle calls=164 backend=grounding_dino
/root/miniconda3/lib/python3.12/site-packages/transformers/models/grounding_dino/processing_grounding_dino.py:100: FutureWarning: The key `labels` is will return integer ids in `GroundingDinoProcessor.post_process_grounded_object_detection` output since v4.51.0. Use `text_labels` instead to retrieve string object names.
  warnings.warn(self.message, FutureWarning)
[99/320] Counting_Counting_with_complex_reasoning_38 pred=102 ref=3 target=lakes or pond calls=50 backend=grounding_dino
/root/miniconda3/lib/python3.12/site-packages/transformers/models/grounding_dino/processing_grounding_dino.py:100: FutureWarning: The key `labels` is will return integer ids in `GroundingDinoProcessor.post_process_grounded_object_detection` output since v4.51.0. Use `text_labels` instead to retrieve string object names.
  warnings.warn(self.message, FutureWarning)
[100/320] Counting_Counting_with_complex_reasoning_39 pred=90 ref=1 target=large parking lot calls=50 backend=grounding_dino
/root/miniconda3/lib/python3.12/site-packages/transformers/models/grounding_dino/processing_grounding_dino.py:100: FutureWarning: The key `labels` is will return integer ids in `GroundingDinoProcessor.post_process_grounded_object_detection` output since v4.51.0. Use `text_labels` instead to retrieve string object names.
  warnings.warn(self.message, FutureWarning)
[101/320] Counting_Counting_with_complex_reasoning_40 pred=91 ref=1 target=soccer field calls=50 backend=grounding_dino
/root/miniconda3/lib/python3.12/site-packages/transformers/models/grounding_dino/processing_grounding_dino.py:100: FutureWarning: The key `labels` is will return integer ids in `GroundingDinoProcessor.post_process_grounded_object_detection` output since v4.51.0. Use `text_labels` instead to retrieve string object names.
  warnings.warn(self.message, FutureWarning)
[102/320] Counting_Counting_with_complex_reasoning_41 pred=496 ref=28 target=vehicle calls=86 backend=grounding_dino
/root/miniconda3/lib/python3.12/site-packages/transformers/models/grounding_dino/processing_grounding_dino.py:100: FutureWarning: The key `labels` is will return integer ids in `GroundingDinoProcessor.post_process_grounded_object_detection` output since v4.51.0. Use `text_labels` instead to retrieve string object names.
  warnings.warn(self.message, FutureWarning)
[103/320] Counting_Counting_with_complex_reasoning_42 pred=118 ref=1 target=gray tennis court calls=50 backend=grounding_dino
/root/miniconda3/lib/python3.12/site-packages/transformers/models/grounding_dino/processing_grounding_dino.py:100: FutureWarning: The key `labels` is will return integer ids in `GroundingDinoProcessor.post_process_grounded_object_detection` output since v4.51.0. Use `text_labels` instead to retrieve string object names.
  warnings.warn(self.message, FutureWarning)
[104/320] Counting_Counting_with_complex_reasoning_43 pred=154 ref=22 target=vehicle calls=86 backend=grounding_dino
/root/miniconda3/lib/python3.12/site-packages/transformers/models/grounding_dino/processing_grounding_dino.py:100: FutureWarning: The key `labels` is will return integer ids in `GroundingDinoProcessor.post_process_grounded_object_detection` output since v4.51.0. Use `text_labels` instead to retrieve string object names.
  warnings.warn(self.message, FutureWarning)
[105/320] Counting_Counting_with_complex_reasoning_44 pred=167 ref=2 target=circular intersection calls=92 backend=grounding_dino
/root/miniconda3/lib/python3.12/site-packages/transformers/models/grounding_dino/processing_grounding_dino.py:100: FutureWarning: The key `labels` is will return integer ids in `GroundingDinoProcessor.post_process_grounded_object_detection` output since v4.51.0. Use `text_labels` instead to retrieve string object names.
  warnings.warn(self.message, FutureWarning)
[106/320] Counting_Counting_with_complex_reasoning_45 pred=237 ref=31 target=vehicle calls=86 backend=grounding_dino
/root/miniconda3/lib/python3.12/site-packages/transformers/models/grounding_dino/processing_grounding_dino.py:100: FutureWarning: The key `labels` is will return integer ids in `GroundingDinoProcessor.post_process_grounded_object_detection` output since v4.51.0. Use `text_labels` instead to retrieve string object names.
  warnings.warn(self.message, FutureWarning)
[107/320] Counting_Counting_with_complex_reasoning_46 pred=158 ref=3 target=parking lot calls=50 backend=grounding_dino
/root/miniconda3/lib/python3.12/site-packages/transformers/models/grounding_dino/processing_grounding_dino.py:100: FutureWarning: The key `labels` is will return integer ids in `GroundingDinoProcessor.post_process_grounded_object_detection` output since v4.51.0. Use `text_labels` instead to retrieve string object names.
  warnings.warn(self.message, FutureWarning)
[108/320] Counting_Counting_with_complex_reasoning_47 pred=192 ref=1 target=large river calls=92 backend=grounding_dino
/root/miniconda3/lib/python3.12/site-packages/transformers/models/grounding_dino/processing_grounding_dino.py:100: FutureWarning: The key `labels` is will return integer ids in `GroundingDinoProcessor.post_process_grounded_object_detection` output since v4.51.0. Use `text_labels` instead to retrieve string object names.
  warnings.warn(self.message, FutureWarning)
[109/320] Counting_Counting_with_complex_reasoning_48 pred=612 ref=11 target=vehicle calls=166 backend=grounding_dino
/root/miniconda3/lib/python3.12/site-packages/transformers/models/grounding_dino/processing_grounding_dino.py:100: FutureWarning: The key `labels` is will return integer ids in `GroundingDinoProcessor.post_process_grounded_object_detection` output since v4.51.0. Use `text_labels` instead to retrieve string object names.
  warnings.warn(self.message, FutureWarning)
[110/320] Counting_Counting_with_complex_reasoning_49 pred=66 ref=2 target=red tennis court calls=50 backend=grounding_dino
/root/miniconda3/lib/python3.12/site-packages/transformers/models/grounding_dino/processing_grounding_dino.py:100: FutureWarning: The key `labels` is will return integer ids in `GroundingDinoProcessor.post_process_grounded_object_detection` output since v4.51.0. Use `text_labels` instead to retrieve string object names.
  warnings.warn(self.message, FutureWarning)
[111/320] Counting_Counting_with_complex_reasoning_50 pred=157 ref=3 target=lak calls=50 backend=grounding_dino
/root/miniconda3/lib/python3.12/site-packages/transformers/models/grounding_dino/processing_grounding_dino.py:100: FutureWarning: The key `labels` is will return integer ids in `GroundingDinoProcessor.post_process_grounded_object_detection` output since v4.51.0. Use `text_labels` instead to retrieve string object names.
  warnings.warn(self.message, FutureWarning)
[112/320] Counting_Counting_with_complex_reasoning_51 pred=235 ref=15 target=parking lot calls=50 backend=grounding_dino
/root/miniconda3/lib/python3.12/site-packages/transformers/models/grounding_dino/processing_grounding_dino.py:100: FutureWarning: The key `labels` is will return integer ids in `GroundingDinoProcessor.post_process_grounded_object_detection` output since v4.51.0. Use `text_labels` instead to retrieve string object names.
  warnings.warn(self.message, FutureWarning)
[113/320] Counting_Counting_with_complex_reasoning_52 pred=63 ref=2 target=round intersection calls=50 backend=grounding_dino
/root/miniconda3/lib/python3.12/site-packages/transformers/models/grounding_dino/processing_grounding_dino.py:100: FutureWarning: The key `labels` is will return integer ids in `GroundingDinoProcessor.post_process_grounded_object_detection` output since v4.51.0. Use `text_labels` instead to retrieve string object names.
  warnings.warn(self.message, FutureWarning)
[114/320] Counting_Counting_with_complex_reasoning_53 pred=344 ref=37 target=vehicle calls=166 backend=grounding_dino
/root/miniconda3/lib/python3.12/site-packages/transformers/models/grounding_dino/processing_grounding_dino.py:100: FutureWarning: The key `labels` is will return integer ids in `GroundingDinoProcessor.post_process_grounded_object_detection` output since v4.51.0. Use `text_labels` instead to retrieve string object names.
  warnings.warn(self.message, FutureWarning)
[115/320] Counting_Counting_with_complex_reasoning_54 pred=50 ref=1 target=red boat calls=35 backend=grounding_dino
/root/miniconda3/lib/python3.12/site-packages/transformers/models/grounding_dino/processing_grounding_dino.py:100: FutureWarning: The key `labels` is will return integer ids in `GroundingDinoProcessor.post_process_grounded_object_detection` output since v4.51.0. Use `text_labels` instead to retrieve string object names.
  warnings.warn(self.message, FutureWarning)
[116/320] Counting_Counting_with_complex_reasoning_55 pred=126 ref=1 target=roundabout calls=50 backend=grounding_dino
/root/miniconda3/lib/python3.12/site-packages/transformers/models/grounding_dino/processing_grounding_dino.py:100: FutureWarning: The key `labels` is will return integer ids in `GroundingDinoProcessor.post_process_grounded_object_detection` output since v4.51.0. Use `text_labels` instead to retrieve string object names.
  warnings.warn(self.message, FutureWarning)
[117/320] Counting_Counting_with_complex_reasoning_56 pred=329 ref=5 target=parking lot calls=92 backend=grounding_dino
/root/miniconda3/lib/python3.12/site-packages/transformers/models/grounding_dino/processing_grounding_dino.py:100: FutureWarning: The key `labels` is will return integer ids in `GroundingDinoProcessor.post_process_grounded_object_detection` output since v4.51.0. Use `text_labels` instead to retrieve string object names.
  warnings.warn(self.message, FutureWarning)
[118/320] Counting_Counting_with_complex_reasoning_57 pred=224 ref=2 target=ship calls=71 backend=grounding_dino
/root/miniconda3/lib/python3.12/site-packages/transformers/models/grounding_dino/processing_grounding_dino.py:100: FutureWarning: The key `labels` is will return integer ids in `GroundingDinoProcessor.post_process_grounded_object_detection` output since v4.51.0. Use `text_labels` instead to retrieve string object names.
  warnings.warn(self.message, FutureWarning)
[119/320] Counting_Counting_with_complex_reasoning_58 pred=91 ref=1 target=green soccer field calls=50 backend=grounding_dino
/root/miniconda3/lib/python3.12/site-packages/transformers/models/grounding_dino/processing_grounding_dino.py:100: FutureWarning: The key `labels` is will return integer ids in `GroundingDinoProcessor.post_process_grounded_object_detection` output since v4.51.0. Use `text_labels` instead to retrieve string object names.
  warnings.warn(self.message, FutureWarning)
[120/320] Counting_Counting_with_complex_reasoning_59 pred=96 ref=4 target=large ship calls=40 backend=grounding_dino
/root/miniconda3/lib/python3.12/site-packages/transformers/models/grounding_dino/processing_grounding_dino.py:100: FutureWarning: The key `labels` is will return integer ids in `GroundingDinoProcessor.post_process_grounded_object_detection` output since v4.51.0. Use `text_labels` instead to retrieve string object names.
  warnings.warn(self.message, FutureWarning)
[121/320] Counting_Counting_with_complex_reasoning_60 pred=247 ref=1 target=ship calls=147 backend=grounding_dino
/root/miniconda3/lib/python3.12/site-packages/transformers/models/grounding_dino/processing_grounding_dino.py:100: FutureWarning: The key `labels` is will return integer ids in `GroundingDinoProcessor.post_process_grounded_object_detection` output since v4.51.0. Use `text_labels` instead to retrieve string object names.
  warnings.warn(self.message, FutureWarning)
[122/320] Counting_Counting_with_complex_reasoning_61 pred=196 ref=13 target=buildings with courtyard calls=36 backend=grounding_dino
/root/miniconda3/lib/python3.12/site-packages/transformers/models/grounding_dino/processing_grounding_dino.py:100: FutureWarning: The key `labels` is will return integer ids in `GroundingDinoProcessor.post_process_grounded_object_detection` output since v4.51.0. Use `text_labels` instead to retrieve string object names.
  warnings.warn(self.message, FutureWarning)
[123/320] Counting_Counting_with_complex_reasoning_62 pred=249 ref=42 target=boat calls=86 backend=grounding_dino
/root/miniconda3/lib/python3.12/site-packages/transformers/models/grounding_dino/processing_grounding_dino.py:100: FutureWarning: The key `labels` is will return integer ids in `GroundingDinoProcessor.post_process_grounded_object_detection` output since v4.51.0. Use `text_labels` instead to retrieve string object names.
  warnings.warn(self.message, FutureWarning)
[124/320] Counting_Counting_with_complex_reasoning_63 pred=84 ref=2 target=circular intersection calls=50 backend=grounding_dino
/root/miniconda3/lib/python3.12/site-packages/transformers/models/grounding_dino/processing_grounding_dino.py:100: FutureWarning: The key `labels` is will return integer ids in `GroundingDinoProcessor.post_process_grounded_object_detection` output since v4.51.0. Use `text_labels` instead to retrieve string object names.
  warnings.warn(self.message, FutureWarning)
[125/320] Counting_Counting_with_complex_reasoning_64 pred=105 ref=1 target=track calls=50 backend=grounding_dino
/root/miniconda3/lib/python3.12/site-packages/transformers/models/grounding_dino/processing_grounding_dino.py:100: FutureWarning: The key `labels` is will return integer ids in `GroundingDinoProcessor.post_process_grounded_object_detection` output since v4.51.0. Use `text_labels` instead to retrieve string object names.
  warnings.warn(self.message, FutureWarning)
[126/320] Counting_Counting_with_complex_reasoning_65 pred=137 ref=4 target=pond calls=50 backend=grounding_dino
/root/miniconda3/lib/python3.12/site-packages/transformers/models/grounding_dino/processing_grounding_dino.py:100: FutureWarning: The key `labels` is will return integer ids in `GroundingDinoProcessor.post_process_grounded_object_detection` output since v4.51.0. Use `text_labels` instead to retrieve string object names.
  warnings.warn(self.message, FutureWarning)
[127/320] Counting_Counting_with_complex_reasoning_66 pred=134 ref=20 target=parking lot calls=50 backend=grounding_dino
/root/miniconda3/lib/python3.12/site-packages/transformers/models/grounding_dino/processing_grounding_dino.py:100: FutureWarning: The key `labels` is will return integer ids in `GroundingDinoProcessor.post_process_grounded_object_detection` output since v4.51.0. Use `text_labels` instead to retrieve string object names.
  warnings.warn(self.message, FutureWarning)
[128/320] Counting_Counting_with_complex_reasoning_67 pred=246 ref=1 target=red hous calls=92 backend=grounding_dino
/root/miniconda3/lib/python3.12/site-packages/transformers/models/grounding_dino/processing_grounding_dino.py:100: FutureWarning: The key `labels` is will return integer ids in `GroundingDinoProcessor.post_process_grounded_object_detection` output since v4.51.0. Use `text_labels` instead to retrieve string object names.
  warnings.warn(self.message, FutureWarning)
[129/320] Counting_Counting_with_complex_reasoning_68 pred=385 ref=12 target=vehicle calls=86 backend=grounding_dino
/root/miniconda3/lib/python3.12/site-packages/transformers/models/grounding_dino/processing_grounding_dino.py:100: FutureWarning: The key `labels` is will return integer ids in `GroundingDinoProcessor.post_process_grounded_object_detection` output since v4.51.0. Use `text_labels` instead to retrieve string object names.
  warnings.warn(self.message, FutureWarning)
[130/320] Counting_Counting_with_complex_reasoning_69 pred=140 ref=1 target=light gray oval track calls=92 backend=grounding_dino
/root/miniconda3/lib/python3.12/site-packages/transformers/models/grounding_dino/processing_grounding_dino.py:100: FutureWarning: The key `labels` is will return integer ids in `GroundingDinoProcessor.post_process_grounded_object_detection` output since v4.51.0. Use `text_labels` instead to retrieve string object names.
  warnings.warn(self.message, FutureWarning)
[131/320] Counting_Counting_with_complex_reasoning_70 pred=622 ref=3 target=boat calls=430 backend=grounding_dino
/root/miniconda3/lib/python3.12/site-packages/transformers/models/grounding_dino/processing_grounding_dino.py:100: FutureWarning: The key `labels` is will return integer ids in `GroundingDinoProcessor.post_process_grounded_object_detection` output since v4.51.0. Use `text_labels` instead to retrieve string object names.
  warnings.warn(self.message, FutureWarning)
[132/320] Counting_Counting_with_complex_reasoning_71 pred=242 ref=1 target=green rectangular sports field calls=92 backend=grounding_dino
/root/miniconda3/lib/python3.12/site-packages/transformers/models/grounding_dino/processing_grounding_dino.py:100: FutureWarning: The key `labels` is will return integer ids in `GroundingDinoProcessor.post_process_grounded_object_detection` output since v4.51.0. Use `text_labels` instead to retrieve string object names.
  warnings.warn(self.message, FutureWarning)
[133/320] Counting_Counting_with_complex_reasoning_72 pred=105 ref=4 target=boat calls=35 backend=grounding_dino
/root/miniconda3/lib/python3.12/site-packages/transformers/models/grounding_dino/processing_grounding_dino.py:100: FutureWarning: The key `labels` is will return integer ids in `GroundingDinoProcessor.post_process_grounded_object_detection` output since v4.51.0. Use `text_labels` instead to retrieve string object names.
  warnings.warn(self.message, FutureWarning)
[134/320] Counting_Counting_with_complex_reasoning_73 pred=100 ref=3 target=vehicle calls=35 backend=grounding_dino
/root/miniconda3/lib/python3.12/site-packages/transformers/models/grounding_dino/processing_grounding_dino.py:100: FutureWarning: The key `labels` is will return integer ids in `GroundingDinoProcessor.post_process_grounded_object_detection` output since v4.51.0. Use `text_labels` instead to retrieve string object names.
  warnings.warn(self.message, FutureWarning)
[135/320] Counting_Counting_with_complex_reasoning_74 pred=268 ref=14 target=buildings with gray roof calls=50 backend=grounding_dino
/root/miniconda3/lib/python3.12/site-packages/transformers/models/grounding_dino/processing_grounding_dino.py:100: FutureWarning: The key `labels` is will return integer ids in `GroundingDinoProcessor.post_process_grounded_object_detection` output since v4.51.0. Use `text_labels` instead to retrieve string object names.
  warnings.warn(self.message, FutureWarning)
[136/320] Counting_Counting_with_complex_reasoning_75 pred=531 ref=22 target=vehicle calls=86 backend=grounding_dino
/root/miniconda3/lib/python3.12/site-packages/transformers/models/grounding_dino/processing_grounding_dino.py:100: FutureWarning: The key `labels` is will return integer ids in `GroundingDinoProcessor.post_process_grounded_object_detection` output since v4.51.0. Use `text_labels` instead to retrieve string object names.
  warnings.warn(self.message, FutureWarning)
[137/320] Counting_Counting_with_complex_reasoning_76 pred=100 ref=2 target=pond calls=50 backend=grounding_dino
/root/miniconda3/lib/python3.12/site-packages/transformers/models/grounding_dino/processing_grounding_dino.py:100: FutureWarning: The key `labels` is will return integer ids in `GroundingDinoProcessor.post_process_grounded_object_detection` output since v4.51.0. Use `text_labels` instead to retrieve string object names.
  warnings.warn(self.message, FutureWarning)
[138/320] Counting_Counting_with_complex_reasoning_77 pred=17 ref=2 target=yellow circular building calls=10 backend=grounding_dino
/root/miniconda3/lib/python3.12/site-packages/transformers/models/grounding_dino/processing_grounding_dino.py:100: FutureWarning: The key `labels` is will return integer ids in `GroundingDinoProcessor.post_process_grounded_object_detection` output since v4.51.0. Use `text_labels` instead to retrieve string object names.
  warnings.warn(self.message, FutureWarning)
[139/320] Counting_Counting_with_complex_reasoning_78 pred=108 ref=1 target=green lak calls=50 backend=grounding_dino
/root/miniconda3/lib/python3.12/site-packages/transformers/models/grounding_dino/processing_grounding_dino.py:100: FutureWarning: The key `labels` is will return integer ids in `GroundingDinoProcessor.post_process_grounded_object_detection` output since v4.51.0. Use `text_labels` instead to retrieve string object names.
  warnings.warn(self.message, FutureWarning)
[140/320] Counting_Counting_with_complex_reasoning_79 pred=597 ref=13 target=buildings with orange roof calls=92 backend=grounding_dino
/root/miniconda3/lib/python3.12/site-packages/transformers/models/grounding_dino/processing_grounding_dino.py:100: FutureWarning: The key `labels` is will return integer ids in `GroundingDinoProcessor.post_process_grounded_object_detection` output since v4.51.0. Use `text_labels` instead to retrieve string object names.
  warnings.warn(self.message, FutureWarning)
[141/320] Counting_Counting_with_complex_reasoning_80 pred=92 ref=2 target=lakes or pond calls=50 backend=grounding_dino
/root/miniconda3/lib/python3.12/site-packages/transformers/models/grounding_dino/processing_grounding_dino.py:100: FutureWarning: The key `labels` is will return integer ids in `GroundingDinoProcessor.post_process_grounded_object_detection` output since v4.51.0. Use `text_labels` instead to retrieve string object names.
  warnings.warn(self.message, FutureWarning)
[142/320] Counting_Counting_with_complex_reasoning_81 pred=244 ref=9 target=vehicle calls=166 backend=grounding_dino
/root/miniconda3/lib/python3.12/site-packages/transformers/models/grounding_dino/processing_grounding_dino.py:100: FutureWarning: The key `labels` is will return integer ids in `GroundingDinoProcessor.post_process_grounded_object_detection` output since v4.51.0. Use `text_labels` instead to retrieve string object names.
  warnings.warn(self.message, FutureWarning)
[143/320] Counting_Counting_with_complex_reasoning_82 pred=52 ref=1 target=large lakes or pond calls=50 backend=grounding_dino
/root/miniconda3/lib/python3.12/site-packages/transformers/models/grounding_dino/processing_grounding_dino.py:100: FutureWarning: The key `labels` is will return integer ids in `GroundingDinoProcessor.post_process_grounded_object_detection` output since v4.51.0. Use `text_labels` instead to retrieve string object names.
  warnings.warn(self.message, FutureWarning)
[144/320] Counting_Counting_with_complex_reasoning_83 pred=99 ref=1 target=swimming pool calls=50 backend=grounding_dino
/root/miniconda3/lib/python3.12/site-packages/transformers/models/grounding_dino/processing_grounding_dino.py:100: FutureWarning: The key `labels` is will return integer ids in `GroundingDinoProcessor.post_process_grounded_object_detection` output since v4.51.0. Use `text_labels` instead to retrieve string object names.
  warnings.warn(self.message, FutureWarning)
[145/320] Counting_Counting_with_complex_reasoning_84 pred=201 ref=1 target=ship calls=152 backend=grounding_dino
/root/miniconda3/lib/python3.12/site-packages/transformers/models/grounding_dino/processing_grounding_dino.py:100: FutureWarning: The key `labels` is will return integer ids in `GroundingDinoProcessor.post_process_grounded_object_detection` output since v4.51.0. Use `text_labels` instead to retrieve string object names.
  warnings.warn(self.message, FutureWarning)
[146/320] Counting_Counting_with_complex_reasoning_85 pred=343 ref=4 target=windmill calls=219 backend=grounding_dino
/root/miniconda3/lib/python3.12/site-packages/transformers/models/grounding_dino/processing_grounding_dino.py:100: FutureWarning: The key `labels` is will return integer ids in `GroundingDinoProcessor.post_process_grounded_object_detection` output since v4.51.0. Use `text_labels` instead to retrieve string object names.
  warnings.warn(self.message, FutureWarning)
[147/320] Counting_Counting_with_complex_reasoning_86 pred=311 ref=7 target=building calls=50 backend=grounding_dino
/root/miniconda3/lib/python3.12/site-packages/transformers/models/grounding_dino/processing_grounding_dino.py:100: FutureWarning: The key `labels` is will return integer ids in `GroundingDinoProcessor.post_process_grounded_object_detection` output since v4.51.0. Use `text_labels` instead to retrieve string object names.
  warnings.warn(self.message, FutureWarning)
[148/320] Counting_Counting_with_complex_reasoning_87 pred=286 ref=8 target=vehicle calls=86 backend=grounding_dino
/root/miniconda3/lib/python3.12/site-packages/transformers/models/grounding_dino/processing_grounding_dino.py:100: FutureWarning: The key `labels` is will return integer ids in `GroundingDinoProcessor.post_process_grounded_object_detection` output since v4.51.0. Use `text_labels` instead to retrieve string object names.
  warnings.warn(self.message, FutureWarning)
[149/320] Counting_Counting_with_complex_reasoning_88 pred=125 ref=32 target=parking lot calls=50 backend=grounding_dino
/root/miniconda3/lib/python3.12/site-packages/transformers/models/grounding_dino/processing_grounding_dino.py:100: FutureWarning: The key `labels` is will return integer ids in `GroundingDinoProcessor.post_process_grounded_object_detection` output since v4.51.0. Use `text_labels` instead to retrieve string object names.
  warnings.warn(self.message, FutureWarning)
[150/320] Counting_Counting_with_complex_reasoning_89 pred=281 ref=1 target=railway lin calls=92 backend=grounding_dino
/root/miniconda3/lib/python3.12/site-packages/transformers/models/grounding_dino/processing_grounding_dino.py:100: FutureWarning: The key `labels` is will return integer ids in `GroundingDinoProcessor.post_process_grounded_object_detection` output since v4.51.0. Use `text_labels` instead to retrieve string object names.
  warnings.warn(self.message, FutureWarning)
[151/320] Counting_Counting_with_complex_reasoning_90 pred=172 ref=1 target=railway lin calls=50 backend=grounding_dino
/root/miniconda3/lib/python3.12/site-packages/transformers/models/grounding_dino/processing_grounding_dino.py:100: FutureWarning: The key `labels` is will return integer ids in `GroundingDinoProcessor.post_process_grounded_object_detection` output since v4.51.0. Use `text_labels` instead to retrieve string object names.
  warnings.warn(self.message, FutureWarning)
[152/320] Counting_Counting_with_complex_reasoning_91 pred=91 ref=1 target=red tennis court calls=50 backend=grounding_dino
/root/miniconda3/lib/python3.12/site-packages/transformers/models/grounding_dino/processing_grounding_dino.py:100: FutureWarning: The key `labels` is will return integer ids in `GroundingDinoProcessor.post_process_grounded_object_detection` output since v4.51.0. Use `text_labels` instead to retrieve string object names.
  warnings.warn(self.message, FutureWarning)
[153/320] Counting_Counting_with_complex_reasoning_92 pred=362 ref=29 target=vehicle calls=86 backend=grounding_dino
/root/miniconda3/lib/python3.12/site-packages/transformers/models/grounding_dino/processing_grounding_dino.py:100: FutureWarning: The key `labels` is will return integer ids in `GroundingDinoProcessor.post_process_grounded_object_detection` output since v4.51.0. Use `text_labels` instead to retrieve string object names.
  warnings.warn(self.message, FutureWarning)
[154/320] Counting_Counting_with_complex_reasoning_93 pred=111 ref=1 target=green rectangular sports field calls=50 backend=grounding_dino
/root/miniconda3/lib/python3.12/site-packages/transformers/models/grounding_dino/processing_grounding_dino.py:100: FutureWarning: The key `labels` is will return integer ids in `GroundingDinoProcessor.post_process_grounded_object_detection` output since v4.51.0. Use `text_labels` instead to retrieve string object names.
  warnings.warn(self.message, FutureWarning)
[155/320] Counting_Counting_with_complex_reasoning_94 pred=64 ref=3 target=boat calls=35 backend=grounding_dino
/root/miniconda3/lib/python3.12/site-packages/transformers/models/grounding_dino/processing_grounding_dino.py:100: FutureWarning: The key `labels` is will return integer ids in `GroundingDinoProcessor.post_process_grounded_object_detection` output since v4.51.0. Use `text_labels` instead to retrieve string object names.
  warnings.warn(self.message, FutureWarning)
[156/320] Counting_Counting_with_complex_reasoning_95 pred=341 ref=1 target=rectangular gray spac calls=50 backend=grounding_dino
/root/miniconda3/lib/python3.12/site-packages/transformers/models/grounding_dino/processing_grounding_dino.py:100: FutureWarning: The key `labels` is will return integer ids in `GroundingDinoProcessor.post_process_grounded_object_detection` output since v4.51.0. Use `text_labels` instead to retrieve string object names.
  warnings.warn(self.message, FutureWarning)
[157/320] Counting_Counting_with_complex_reasoning_96 pred=262 ref=22 target=vehicle calls=86 backend=grounding_dino
/root/miniconda3/lib/python3.12/site-packages/transformers/models/grounding_dino/processing_grounding_dino.py:100: FutureWarning: The key `labels` is will return integer ids in `GroundingDinoProcessor.post_process_grounded_object_detection` output since v4.51.0. Use `text_labels` instead to retrieve string object names.
  warnings.warn(self.message, FutureWarning)
[158/320] Counting_Counting_with_complex_reasoning_97 pred=110 ref=1 target=open-pit min calls=50 backend=grounding_dino
/root/miniconda3/lib/python3.12/site-packages/transformers/models/grounding_dino/processing_grounding_dino.py:100: FutureWarning: The key `labels` is will return integer ids in `GroundingDinoProcessor.post_process_grounded_object_detection` output since v4.51.0. Use `text_labels` instead to retrieve string object names.
  warnings.warn(self.message, FutureWarning)
[159/320] Counting_Counting_with_complex_reasoning_98 pred=211 ref=17 target=buildings with gray roof calls=50 backend=grounding_dino
/root/miniconda3/lib/python3.12/site-packages/transformers/models/grounding_dino/processing_grounding_dino.py:100: FutureWarning: The key `labels` is will return integer ids in `GroundingDinoProcessor.post_process_grounded_object_detection` output since v4.51.0. Use `text_labels` instead to retrieve string object names.
  warnings.warn(self.message, FutureWarning)
[160/320] Counting_Counting_with_complex_reasoning_99 pred=292 ref=27 target=vehicle calls=86 backend=grounding_dino
/root/miniconda3/lib/python3.12/site-packages/transformers/models/grounding_dino/processing_grounding_dino.py:100: FutureWarning: The key `labels` is will return integer ids in `GroundingDinoProcessor.post_process_grounded_object_detection` output since v4.51.0. Use `text_labels` instead to retrieve string object names.
  warnings.warn(self.message, FutureWarning)
[161/320] Counting_Counting_with_changing_detection_0 pred=572 ref=17 target=differenc calls=170 backend=grounding_dino
/root/miniconda3/lib/python3.12/site-packages/transformers/models/grounding_dino/processing_grounding_dino.py:100: FutureWarning: The key `labels` is will return integer ids in `GroundingDinoProcessor.post_process_grounded_object_detection` output since v4.51.0. Use `text_labels` instead to retrieve string object names.
  warnings.warn(self.message, FutureWarning)
[162/320] Counting_Counting_with_changing_detection_1 pred=537 ref=33 target=differenc calls=170 backend=grounding_dino
/root/miniconda3/lib/python3.12/site-packages/transformers/models/grounding_dino/processing_grounding_dino.py:100: FutureWarning: The key `labels` is will return integer ids in `GroundingDinoProcessor.post_process_grounded_object_detection` output since v4.51.0. Use `text_labels` instead to retrieve string object names.
  warnings.warn(self.message, FutureWarning)
[163/320] Counting_Counting_with_changing_detection_2 pred=484 ref=1 target=differenc calls=170 backend=grounding_dino
/root/miniconda3/lib/python3.12/site-packages/transformers/models/grounding_dino/processing_grounding_dino.py:100: FutureWarning: The key `labels` is will return integer ids in `GroundingDinoProcessor.post_process_grounded_object_detection` output since v4.51.0. Use `text_labels` instead to retrieve string object names.
  warnings.warn(self.message, FutureWarning)
[164/320] Counting_Counting_with_changing_detection_3 pred=547 ref=2 target=differenc calls=170 backend=grounding_dino
/root/miniconda3/lib/python3.12/site-packages/transformers/models/grounding_dino/processing_grounding_dino.py:100: FutureWarning: The key `labels` is will return integer ids in `GroundingDinoProcessor.post_process_grounded_object_detection` output since v4.51.0. Use `text_labels` instead to retrieve string object names.
  warnings.warn(self.message, FutureWarning)
[165/320] Counting_Counting_with_changing_detection_4 pred=560 ref=2 target=differenc calls=170 backend=grounding_dino
/root/miniconda3/lib/python3.12/site-packages/transformers/models/grounding_dino/processing_grounding_dino.py:100: FutureWarning: The key `labels` is will return integer ids in `GroundingDinoProcessor.post_process_grounded_object_detection` output since v4.51.0. Use `text_labels` instead to retrieve string object names.
  warnings.warn(self.message, FutureWarning)
[166/320] Counting_Counting_with_changing_detection_5 pred=515 ref=9 target=differenc calls=170 backend=grounding_dino
/root/miniconda3/lib/python3.12/site-packages/transformers/models/grounding_dino/processing_grounding_dino.py:100: FutureWarning: The key `labels` is will return integer ids in `GroundingDinoProcessor.post_process_grounded_object_detection` output since v4.51.0. Use `text_labels` instead to retrieve string object names.
  warnings.warn(self.message, FutureWarning)
[167/320] Counting_Counting_with_changing_detection_6 pred=520 ref=8 target=differenc calls=170 backend=grounding_dino
/root/miniconda3/lib/python3.12/site-packages/transformers/models/grounding_dino/processing_grounding_dino.py:100: FutureWarning: The key `labels` is will return integer ids in `GroundingDinoProcessor.post_process_grounded_object_detection` output since v4.51.0. Use `text_labels` instead to retrieve string object names.
  warnings.warn(self.message, FutureWarning)
[168/320] Counting_Counting_with_changing_detection_7 pred=552 ref=2 target=differenc calls=170 backend=grounding_dino
/root/miniconda3/lib/python3.12/site-packages/transformers/models/grounding_dino/processing_grounding_dino.py:100: FutureWarning: The key `labels` is will return integer ids in `GroundingDinoProcessor.post_process_grounded_object_detection` output since v4.51.0. Use `text_labels` instead to retrieve string object names.
  warnings.warn(self.message, FutureWarning)
[169/320] Counting_Counting_with_changing_detection_8 pred=585 ref=1 target=differenc calls=170 backend=grounding_dino
/root/miniconda3/lib/python3.12/site-packages/transformers/models/grounding_dino/processing_grounding_dino.py:100: FutureWarning: The key `labels` is will return integer ids in `GroundingDinoProcessor.post_process_grounded_object_detection` output since v4.51.0. Use `text_labels` instead to retrieve string object names.
  warnings.warn(self.message, FutureWarning)
[170/320] Counting_Counting_with_changing_detection_9 pred=563 ref=21 target=differenc calls=170 backend=grounding_dino
/root/miniconda3/lib/python3.12/site-packages/transformers/models/grounding_dino/processing_grounding_dino.py:100: FutureWarning: The key `labels` is will return integer ids in `GroundingDinoProcessor.post_process_grounded_object_detection` output since v4.51.0. Use `text_labels` instead to retrieve string object names.
  warnings.warn(self.message, FutureWarning)
[171/320] Counting_Counting_with_changing_detection_10 pred=532 ref=2 target=differenc calls=170 backend=grounding_dino
/root/miniconda3/lib/python3.12/site-packages/transformers/models/grounding_dino/processing_grounding_dino.py:100: FutureWarning: The key `labels` is will return integer ids in `GroundingDinoProcessor.post_process_grounded_object_detection` output since v4.51.0. Use `text_labels` instead to retrieve string object names.
  warnings.warn(self.message, FutureWarning)
[172/320] Counting_Counting_with_changing_detection_11 pred=559 ref=6 target=differenc calls=170 backend=grounding_dino
/root/miniconda3/lib/python3.12/site-packages/transformers/models/grounding_dino/processing_grounding_dino.py:100: FutureWarning: The key `labels` is will return integer ids in `GroundingDinoProcessor.post_process_grounded_object_detection` output since v4.51.0. Use `text_labels` instead to retrieve string object names.
  warnings.warn(self.message, FutureWarning)
[173/320] Counting_Counting_with_changing_detection_12 pred=509 ref=1 target=differenc calls=170 backend=grounding_dino
/root/miniconda3/lib/python3.12/site-packages/transformers/models/grounding_dino/processing_grounding_dino.py:100: FutureWarning: The key `labels` is will return integer ids in `GroundingDinoProcessor.post_process_grounded_object_detection` output since v4.51.0. Use `text_labels` instead to retrieve string object names.
  warnings.warn(self.message, FutureWarning)
[174/320] Counting_Counting_with_changing_detection_13 pred=580 ref=3 target=differenc calls=170 backend=grounding_dino
/root/miniconda3/lib/python3.12/site-packages/transformers/models/grounding_dino/processing_grounding_dino.py:100: FutureWarning: The key `labels` is will return integer ids in `GroundingDinoProcessor.post_process_grounded_object_detection` output since v4.51.0. Use `text_labels` instead to retrieve string object names.
  warnings.warn(self.message, FutureWarning)
[175/320] Counting_Counting_with_changing_detection_14 pred=551 ref=1 target=differenc calls=170 backend=grounding_dino
/root/miniconda3/lib/python3.12/site-packages/transformers/models/grounding_dino/processing_grounding_dino.py:100: FutureWarning: The key `labels` is will return integer ids in `GroundingDinoProcessor.post_process_grounded_object_detection` output since v4.51.0. Use `text_labels` instead to retrieve string object names.
  warnings.warn(self.message, FutureWarning)
[176/320] Counting_Counting_with_changing_detection_15 pred=590 ref=6 target=differenc calls=170 backend=grounding_dino
/root/miniconda3/lib/python3.12/site-packages/transformers/models/grounding_dino/processing_grounding_dino.py:100: FutureWarning: The key `labels` is will return integer ids in `GroundingDinoProcessor.post_process_grounded_object_detection` output since v4.51.0. Use `text_labels` instead to retrieve string object names.
  warnings.warn(self.message, FutureWarning)
[177/320] Counting_Counting_with_changing_detection_16 pred=548 ref=1 target=differenc calls=170 backend=grounding_dino
/root/miniconda3/lib/python3.12/site-packages/transformers/models/grounding_dino/processing_grounding_dino.py:100: FutureWarning: The key `labels` is will return integer ids in `GroundingDinoProcessor.post_process_grounded_object_detection` output since v4.51.0. Use `text_labels` instead to retrieve string object names.
  warnings.warn(self.message, FutureWarning)
[178/320] Counting_Counting_with_changing_detection_17 pred=519 ref=1 target=differenc calls=170 backend=grounding_dino
/root/miniconda3/lib/python3.12/site-packages/transformers/models/grounding_dino/processing_grounding_dino.py:100: FutureWarning: The key `labels` is will return integer ids in `GroundingDinoProcessor.post_process_grounded_object_detection` output since v4.51.0. Use `text_labels` instead to retrieve string object names.
  warnings.warn(self.message, FutureWarning)
[179/320] Counting_Counting_with_changing_detection_18 pred=517 ref=3 target=differenc calls=170 backend=grounding_dino
/root/miniconda3/lib/python3.12/site-packages/transformers/models/grounding_dino/processing_grounding_dino.py:100: FutureWarning: The key `labels` is will return integer ids in `GroundingDinoProcessor.post_process_grounded_object_detection` output since v4.51.0. Use `text_labels` instead to retrieve string object names.
  warnings.warn(self.message, FutureWarning)
[180/320] Counting_Counting_with_changing_detection_19 pred=535 ref=4 target=differenc calls=170 backend=grounding_dino
/root/miniconda3/lib/python3.12/site-packages/transformers/models/grounding_dino/processing_grounding_dino.py:100: FutureWarning: The key `labels` is will return integer ids in `GroundingDinoProcessor.post_process_grounded_object_detection` output since v4.51.0. Use `text_labels` instead to retrieve string object names.
  warnings.warn(self.message, FutureWarning)
[181/320] Counting_Counting_with_changing_detection_20 pred=572 ref=2 target=differenc calls=170 backend=grounding_dino
/root/miniconda3/lib/python3.12/site-packages/transformers/models/grounding_dino/processing_grounding_dino.py:100: FutureWarning: The key `labels` is will return integer ids in `GroundingDinoProcessor.post_process_grounded_object_detection` output since v4.51.0. Use `text_labels` instead to retrieve string object names.
  warnings.warn(self.message, FutureWarning)
[182/320] Counting_Counting_with_changing_detection_21 pred=453 ref=3 target=differenc calls=170 backend=grounding_dino
/root/miniconda3/lib/python3.12/site-packages/transformers/models/grounding_dino/processing_grounding_dino.py:100: FutureWarning: The key `labels` is will return integer ids in `GroundingDinoProcessor.post_process_grounded_object_detection` output since v4.51.0. Use `text_labels` instead to retrieve string object names.
  warnings.warn(self.message, FutureWarning)
[183/320] Counting_Counting_with_changing_detection_22 pred=558 ref=2 target=differenc calls=170 backend=grounding_dino
/root/miniconda3/lib/python3.12/site-packages/transformers/models/grounding_dino/processing_grounding_dino.py:100: FutureWarning: The key `labels` is will return integer ids in `GroundingDinoProcessor.post_process_grounded_object_detection` output since v4.51.0. Use `text_labels` instead to retrieve string object names.
  warnings.warn(self.message, FutureWarning)
[184/320] Counting_Counting_with_changing_detection_23 pred=599 ref=2 target=differenc calls=170 backend=grounding_dino
/root/miniconda3/lib/python3.12/site-packages/transformers/models/grounding_dino/processing_grounding_dino.py:100: FutureWarning: The key `labels` is will return integer ids in `GroundingDinoProcessor.post_process_grounded_object_detection` output since v4.51.0. Use `text_labels` instead to retrieve string object names.
  warnings.warn(self.message, FutureWarning)
[185/320] Counting_Counting_with_changing_detection_24 pred=565 ref=6 target=differenc calls=170 backend=grounding_dino
/root/miniconda3/lib/python3.12/site-packages/transformers/models/grounding_dino/processing_grounding_dino.py:100: FutureWarning: The key `labels` is will return integer ids in `GroundingDinoProcessor.post_process_grounded_object_detection` output since v4.51.0. Use `text_labels` instead to retrieve string object names.
  warnings.warn(self.message, FutureWarning)
[186/320] Counting_Counting_with_changing_detection_25 pred=494 ref=25 target=differenc calls=170 backend=grounding_dino
/root/miniconda3/lib/python3.12/site-packages/transformers/models/grounding_dino/processing_grounding_dino.py:100: FutureWarning: The key `labels` is will return integer ids in `GroundingDinoProcessor.post_process_grounded_object_detection` output since v4.51.0. Use `text_labels` instead to retrieve string object names.
  warnings.warn(self.message, FutureWarning)
[187/320] Counting_Counting_with_changing_detection_26 pred=539 ref=2 target=differenc calls=170 backend=grounding_dino
/root/miniconda3/lib/python3.12/site-packages/transformers/models/grounding_dino/processing_grounding_dino.py:100: FutureWarning: The key `labels` is will return integer ids in `GroundingDinoProcessor.post_process_grounded_object_detection` output since v4.51.0. Use `text_labels` instead to retrieve string object names.
  warnings.warn(self.message, FutureWarning)
[188/320] Counting_Counting_with_changing_detection_27 pred=547 ref=4 target=differenc calls=170 backend=grounding_dino
/root/miniconda3/lib/python3.12/site-packages/transformers/models/grounding_dino/processing_grounding_dino.py:100: FutureWarning: The key `labels` is will return integer ids in `GroundingDinoProcessor.post_process_grounded_object_detection` output since v4.51.0. Use `text_labels` instead to retrieve string object names.
  warnings.warn(self.message, FutureWarning)
[189/320] Counting_Counting_with_changing_detection_28 pred=527 ref=2 target=differenc calls=170 backend=grounding_dino
/root/miniconda3/lib/python3.12/site-packages/transformers/models/grounding_dino/processing_grounding_dino.py:100: FutureWarning: The key `labels` is will return integer ids in `GroundingDinoProcessor.post_process_grounded_object_detection` output since v4.51.0. Use `text_labels` instead to retrieve string object names.
  warnings.warn(self.message, FutureWarning)
[190/320] Counting_Counting_with_changing_detection_29 pred=524 ref=4 target=differenc calls=170 backend=grounding_dino
/root/miniconda3/lib/python3.12/site-packages/transformers/models/grounding_dino/processing_grounding_dino.py:100: FutureWarning: The key `labels` is will return integer ids in `GroundingDinoProcessor.post_process_grounded_object_detection` output since v4.51.0. Use `text_labels` instead to retrieve string object names.
  warnings.warn(self.message, FutureWarning)
[191/320] Counting_Counting_with_changing_detection_30 pred=561 ref=1 target=differenc calls=170 backend=grounding_dino
/root/miniconda3/lib/python3.12/site-packages/transformers/models/grounding_dino/processing_grounding_dino.py:100: FutureWarning: The key `labels` is will return integer ids in `GroundingDinoProcessor.post_process_grounded_object_detection` output since v4.51.0. Use `text_labels` instead to retrieve string object names.
  warnings.warn(self.message, FutureWarning)
[192/320] Counting_Counting_with_changing_detection_31 pred=552 ref=9 target=differenc calls=170 backend=grounding_dino
/root/miniconda3/lib/python3.12/site-packages/transformers/models/grounding_dino/processing_grounding_dino.py:100: FutureWarning: The key `labels` is will return integer ids in `GroundingDinoProcessor.post_process_grounded_object_detection` output since v4.51.0. Use `text_labels` instead to retrieve string object names.
  warnings.warn(self.message, FutureWarning)
[193/320] Counting_Counting_with_changing_detection_32 pred=560 ref=3 target=differenc calls=170 backend=grounding_dino
/root/miniconda3/lib/python3.12/site-packages/transformers/models/grounding_dino/processing_grounding_dino.py:100: FutureWarning: The key `labels` is will return integer ids in `GroundingDinoProcessor.post_process_grounded_object_detection` output since v4.51.0. Use `text_labels` instead to retrieve string object names.
  warnings.warn(self.message, FutureWarning)
[194/320] Counting_Counting_with_changing_detection_33 pred=567 ref=4 target=differenc calls=170 backend=grounding_dino
/root/miniconda3/lib/python3.12/site-packages/transformers/models/grounding_dino/processing_grounding_dino.py:100: FutureWarning: The key `labels` is will return integer ids in `GroundingDinoProcessor.post_process_grounded_object_detection` output since v4.51.0. Use `text_labels` instead to retrieve string object names.
  warnings.warn(self.message, FutureWarning)
[195/320] Counting_Counting_with_changing_detection_34 pred=553 ref=1 target=differenc calls=170 backend=grounding_dino
/root/miniconda3/lib/python3.12/site-packages/transformers/models/grounding_dino/processing_grounding_dino.py:100: FutureWarning: The key `labels` is will return integer ids in `GroundingDinoProcessor.post_process_grounded_object_detection` output since v4.51.0. Use `text_labels` instead to retrieve string object names.
  warnings.warn(self.message, FutureWarning)
[196/320] Counting_Counting_with_changing_detection_35 pred=527 ref=8 target=differenc calls=170 backend=grounding_dino
/root/miniconda3/lib/python3.12/site-packages/transformers/models/grounding_dino/processing_grounding_dino.py:100: FutureWarning: The key `labels` is will return integer ids in `GroundingDinoProcessor.post_process_grounded_object_detection` output since v4.51.0. Use `text_labels` instead to retrieve string object names.
  warnings.warn(self.message, FutureWarning)
[197/320] Counting_Counting_with_changing_detection_36 pred=566 ref=2 target=differenc calls=170 backend=grounding_dino
/root/miniconda3/lib/python3.12/site-packages/transformers/models/grounding_dino/processing_grounding_dino.py:100: FutureWarning: The key `labels` is will return integer ids in `GroundingDinoProcessor.post_process_grounded_object_detection` output since v4.51.0. Use `text_labels` instead to retrieve string object names.
  warnings.warn(self.message, FutureWarning)
[198/320] Counting_Counting_with_changing_detection_37 pred=565 ref=9 target=differenc calls=170 backend=grounding_dino
/root/miniconda3/lib/python3.12/site-packages/transformers/models/grounding_dino/processing_grounding_dino.py:100: FutureWarning: The key `labels` is will return integer ids in `GroundingDinoProcessor.post_process_grounded_object_detection` output since v4.51.0. Use `text_labels` instead to retrieve string object names.
  warnings.warn(self.message, FutureWarning)
[199/320] Counting_Counting_with_changing_detection_38 pred=540 ref=4 target=differenc calls=170 backend=grounding_dino
/root/miniconda3/lib/python3.12/site-packages/transformers/models/grounding_dino/processing_grounding_dino.py:100: FutureWarning: The key `labels` is will return integer ids in `GroundingDinoProcessor.post_process_grounded_object_detection` output since v4.51.0. Use `text_labels` instead to retrieve string object names.
  warnings.warn(self.message, FutureWarning)
[200/320] Counting_Counting_with_changing_detection_39 pred=539 ref=4 target=differenc calls=170 backend=grounding_dino
/root/miniconda3/lib/python3.12/site-packages/transformers/models/grounding_dino/processing_grounding_dino.py:100: FutureWarning: The key `labels` is will return integer ids in `GroundingDinoProcessor.post_process_grounded_object_detection` output since v4.51.0. Use `text_labels` instead to retrieve string object names.
  warnings.warn(self.message, FutureWarning)
[201/320] Counting_Counting_with_changing_detection_40 pred=558 ref=1 target=differenc calls=170 backend=grounding_dino
/root/miniconda3/lib/python3.12/site-packages/transformers/models/grounding_dino/processing_grounding_dino.py:100: FutureWarning: The key `labels` is will return integer ids in `GroundingDinoProcessor.post_process_grounded_object_detection` output since v4.51.0. Use `text_labels` instead to retrieve string object names.
  warnings.warn(self.message, FutureWarning)
[202/320] Counting_Counting_with_changing_detection_41 pred=571 ref=5 target=differenc calls=170 backend=grounding_dino
/root/miniconda3/lib/python3.12/site-packages/transformers/models/grounding_dino/processing_grounding_dino.py:100: FutureWarning: The key `labels` is will return integer ids in `GroundingDinoProcessor.post_process_grounded_object_detection` output since v4.51.0. Use `text_labels` instead to retrieve string object names.
  warnings.warn(self.message, FutureWarning)
[203/320] Counting_Counting_with_changing_detection_42 pred=558 ref=1 target=differenc calls=170 backend=grounding_dino
/root/miniconda3/lib/python3.12/site-packages/transformers/models/grounding_dino/processing_grounding_dino.py:100: FutureWarning: The key `labels` is will return integer ids in `GroundingDinoProcessor.post_process_grounded_object_detection` output since v4.51.0. Use `text_labels` instead to retrieve string object names.
  warnings.warn(self.message, FutureWarning)
[204/320] Counting_Counting_with_changing_detection_43 pred=597 ref=27 target=differenc calls=170 backend=grounding_dino
/root/miniconda3/lib/python3.12/site-packages/transformers/models/grounding_dino/processing_grounding_dino.py:100: FutureWarning: The key `labels` is will return integer ids in `GroundingDinoProcessor.post_process_grounded_object_detection` output since v4.51.0. Use `text_labels` instead to retrieve string object names.
  warnings.warn(self.message, FutureWarning)
[205/320] Counting_Counting_with_changing_detection_44 pred=583 ref=1 target=differenc calls=170 backend=grounding_dino
/root/miniconda3/lib/python3.12/site-packages/transformers/models/grounding_dino/processing_grounding_dino.py:100: FutureWarning: The key `labels` is will return integer ids in `GroundingDinoProcessor.post_process_grounded_object_detection` output since v4.51.0. Use `text_labels` instead to retrieve string object names.
  warnings.warn(self.message, FutureWarning)
[206/320] Counting_Counting_with_changing_detection_45 pred=598 ref=2 target=differenc calls=170 backend=grounding_dino
/root/miniconda3/lib/python3.12/site-packages/transformers/models/grounding_dino/processing_grounding_dino.py:100: FutureWarning: The key `labels` is will return integer ids in `GroundingDinoProcessor.post_process_grounded_object_detection` output since v4.51.0. Use `text_labels` instead to retrieve string object names.
  warnings.warn(self.message, FutureWarning)
[207/320] Counting_Counting_with_changing_detection_46 pred=545 ref=3 target=differenc calls=170 backend=grounding_dino
/root/miniconda3/lib/python3.12/site-packages/transformers/models/grounding_dino/processing_grounding_dino.py:100: FutureWarning: The key `labels` is will return integer ids in `GroundingDinoProcessor.post_process_grounded_object_detection` output since v4.51.0. Use `text_labels` instead to retrieve string object names.
  warnings.warn(self.message, FutureWarning)
[208/320] Counting_Counting_with_changing_detection_47 pred=587 ref=3 target=differenc calls=170 backend=grounding_dino
/root/miniconda3/lib/python3.12/site-packages/transformers/models/grounding_dino/processing_grounding_dino.py:100: FutureWarning: The key `labels` is will return integer ids in `GroundingDinoProcessor.post_process_grounded_object_detection` output since v4.51.0. Use `text_labels` instead to retrieve string object names.
  warnings.warn(self.message, FutureWarning)
[209/320] Counting_Counting_with_changing_detection_48 pred=578 ref=3 target=differenc calls=170 backend=grounding_dino
/root/miniconda3/lib/python3.12/site-packages/transformers/models/grounding_dino/processing_grounding_dino.py:100: FutureWarning: The key `labels` is will return integer ids in `GroundingDinoProcessor.post_process_grounded_object_detection` output since v4.51.0. Use `text_labels` instead to retrieve string object names.
  warnings.warn(self.message, FutureWarning)
[210/320] Counting_Counting_with_changing_detection_49 pred=537 ref=29 target=differenc calls=170 backend=grounding_dino
/root/miniconda3/lib/python3.12/site-packages/transformers/models/grounding_dino/processing_grounding_dino.py:100: FutureWarning: The key `labels` is will return integer ids in `GroundingDinoProcessor.post_process_grounded_object_detection` output since v4.51.0. Use `text_labels` instead to retrieve string object names.
  warnings.warn(self.message, FutureWarning)
[211/320] Counting_Counting_with_changing_detection_50 pred=590 ref=3 target=differenc calls=170 backend=grounding_dino
/root/miniconda3/lib/python3.12/site-packages/transformers/models/grounding_dino/processing_grounding_dino.py:100: FutureWarning: The key `labels` is will return integer ids in `GroundingDinoProcessor.post_process_grounded_object_detection` output since v4.51.0. Use `text_labels` instead to retrieve string object names.
  warnings.warn(self.message, FutureWarning)
[212/320] Counting_Counting_with_changing_detection_51 pred=581 ref=3 target=differenc calls=170 backend=grounding_dino
/root/miniconda3/lib/python3.12/site-packages/transformers/models/grounding_dino/processing_grounding_dino.py:100: FutureWarning: The key `labels` is will return integer ids in `GroundingDinoProcessor.post_process_grounded_object_detection` output since v4.51.0. Use `text_labels` instead to retrieve string object names.
  warnings.warn(self.message, FutureWarning)
[213/320] Counting_Counting_with_changing_detection_52 pred=569 ref=2 target=differenc calls=170 backend=grounding_dino
/root/miniconda3/lib/python3.12/site-packages/transformers/models/grounding_dino/processing_grounding_dino.py:100: FutureWarning: The key `labels` is will return integer ids in `GroundingDinoProcessor.post_process_grounded_object_detection` output since v4.51.0. Use `text_labels` instead to retrieve string object names.
  warnings.warn(self.message, FutureWarning)
[214/320] Counting_Counting_with_changing_detection_53 pred=558 ref=3 target=differenc calls=170 backend=grounding_dino
/root/miniconda3/lib/python3.12/site-packages/transformers/models/grounding_dino/processing_grounding_dino.py:100: FutureWarning: The key `labels` is will return integer ids in `GroundingDinoProcessor.post_process_grounded_object_detection` output since v4.51.0. Use `text_labels` instead to retrieve string object names.
  warnings.warn(self.message, FutureWarning)
[215/320] Counting_Counting_with_changing_detection_54 pred=601 ref=1 target=differenc calls=170 backend=grounding_dino
/root/miniconda3/lib/python3.12/site-packages/transformers/models/grounding_dino/processing_grounding_dino.py:100: FutureWarning: The key `labels` is will return integer ids in `GroundingDinoProcessor.post_process_grounded_object_detection` output since v4.51.0. Use `text_labels` instead to retrieve string object names.
  warnings.warn(self.message, FutureWarning)
[216/320] Counting_Counting_with_changing_detection_55 pred=467 ref=1 target=differenc calls=170 backend=grounding_dino
/root/miniconda3/lib/python3.12/site-packages/transformers/models/grounding_dino/processing_grounding_dino.py:100: FutureWarning: The key `labels` is will return integer ids in `GroundingDinoProcessor.post_process_grounded_object_detection` output since v4.51.0. Use `text_labels` instead to retrieve string object names.
  warnings.warn(self.message, FutureWarning)
[217/320] Counting_Counting_with_changing_detection_56 pred=539 ref=6 target=differenc calls=170 backend=grounding_dino
/root/miniconda3/lib/python3.12/site-packages/transformers/models/grounding_dino/processing_grounding_dino.py:100: FutureWarning: The key `labels` is will return integer ids in `GroundingDinoProcessor.post_process_grounded_object_detection` output since v4.51.0. Use `text_labels` instead to retrieve string object names.
  warnings.warn(self.message, FutureWarning)
[218/320] Counting_Counting_with_changing_detection_57 pred=555 ref=1 target=differenc calls=170 backend=grounding_dino
/root/miniconda3/lib/python3.12/site-packages/transformers/models/grounding_dino/processing_grounding_dino.py:100: FutureWarning: The key `labels` is will return integer ids in `GroundingDinoProcessor.post_process_grounded_object_detection` output since v4.51.0. Use `text_labels` instead to retrieve string object names.
  warnings.warn(self.message, FutureWarning)
[219/320] Counting_Counting_with_changing_detection_58 pred=583 ref=20 target=differenc calls=170 backend=grounding_dino
/root/miniconda3/lib/python3.12/site-packages/transformers/models/grounding_dino/processing_grounding_dino.py:100: FutureWarning: The key `labels` is will return integer ids in `GroundingDinoProcessor.post_process_grounded_object_detection` output since v4.51.0. Use `text_labels` instead to retrieve string object names.
  warnings.warn(self.message, FutureWarning)
[220/320] Counting_Counting_with_changing_detection_59 pred=559 ref=6 target=differenc calls=170 backend=grounding_dino
/root/miniconda3/lib/python3.12/site-packages/transformers/models/grounding_dino/processing_grounding_dino.py:100: FutureWarning: The key `labels` is will return integer ids in `GroundingDinoProcessor.post_process_grounded_object_detection` output since v4.51.0. Use `text_labels` instead to retrieve string object names.
  warnings.warn(self.message, FutureWarning)
[221/320] Counting_Regional_counting_0 pred=2159 ref=3 target=building calls=170 backend=grounding_dino
/root/miniconda3/lib/python3.12/site-packages/transformers/models/grounding_dino/processing_grounding_dino.py:100: FutureWarning: The key `labels` is will return integer ids in `GroundingDinoProcessor.post_process_grounded_object_detection` output since v4.51.0. Use `text_labels` instead to retrieve string object names.
  warnings.warn(self.message, FutureWarning)
[222/320] Counting_Regional_counting_1 pred=406 ref=1 target=swimming pool calls=170 backend=grounding_dino
/root/miniconda3/lib/python3.12/site-packages/transformers/models/grounding_dino/processing_grounding_dino.py:100: FutureWarning: The key `labels` is will return integer ids in `GroundingDinoProcessor.post_process_grounded_object_detection` output since v4.51.0. Use `text_labels` instead to retrieve string object names.
  warnings.warn(self.message, FutureWarning)
[223/320] Counting_Regional_counting_2 pred=362 ref=1 target=tennis court calls=170 backend=grounding_dino
/root/miniconda3/lib/python3.12/site-packages/transformers/models/grounding_dino/processing_grounding_dino.py:100: FutureWarning: The key `labels` is will return integer ids in `GroundingDinoProcessor.post_process_grounded_object_detection` output since v4.51.0. Use `text_labels` instead to retrieve string object names.
  warnings.warn(self.message, FutureWarning)
[224/320] Counting_Regional_counting_3 pred=966 ref=4 target=building calls=170 backend=grounding_dino
/root/miniconda3/lib/python3.12/site-packages/transformers/models/grounding_dino/processing_grounding_dino.py:100: FutureWarning: The key `labels` is will return integer ids in `GroundingDinoProcessor.post_process_grounded_object_detection` output since v4.51.0. Use `text_labels` instead to retrieve string object names.
  warnings.warn(self.message, FutureWarning)
[225/320] Counting_Regional_counting_4 pred=676 ref=8 target=patches gras calls=170 backend=grounding_dino
/root/miniconda3/lib/python3.12/site-packages/transformers/models/grounding_dino/processing_grounding_dino.py:100: FutureWarning: The key `labels` is will return integer ids in `GroundingDinoProcessor.post_process_grounded_object_detection` output since v4.51.0. Use `text_labels` instead to retrieve string object names.
  warnings.warn(self.message, FutureWarning)
[226/320] Counting_Regional_counting_5 pred=692 ref=4 target=tre calls=170 backend=grounding_dino
/root/miniconda3/lib/python3.12/site-packages/transformers/models/grounding_dino/processing_grounding_dino.py:100: FutureWarning: The key `labels` is will return integer ids in `GroundingDinoProcessor.post_process_grounded_object_detection` output since v4.51.0. Use `text_labels` instead to retrieve string object names.
  warnings.warn(self.message, FutureWarning)
[227/320] Counting_Regional_counting_6 pred=612 ref=1 target=roundabout calls=170 backend=grounding_dino
/root/miniconda3/lib/python3.12/site-packages/transformers/models/grounding_dino/processing_grounding_dino.py:100: FutureWarning: The key `labels` is will return integer ids in `GroundingDinoProcessor.post_process_grounded_object_detection` output since v4.51.0. Use `text_labels` instead to retrieve string object names.
  warnings.warn(self.message, FutureWarning)
[228/320] Counting_Regional_counting_7 pred=888 ref=17 target=vehicle calls=318 backend=grounding_dino
/root/miniconda3/lib/python3.12/site-packages/transformers/models/grounding_dino/processing_grounding_dino.py:100: FutureWarning: The key `labels` is will return integer ids in `GroundingDinoProcessor.post_process_grounded_object_detection` output since v4.51.0. Use `text_labels` instead to retrieve string object names.
  warnings.warn(self.message, FutureWarning)
[229/320] Counting_Regional_counting_8 pred=544 ref=1 target=lak calls=170 backend=grounding_dino
/root/miniconda3/lib/python3.12/site-packages/transformers/models/grounding_dino/processing_grounding_dino.py:100: FutureWarning: The key `labels` is will return integer ids in `GroundingDinoProcessor.post_process_grounded_object_detection` output since v4.51.0. Use `text_labels` instead to retrieve string object names.
  warnings.warn(self.message, FutureWarning)
[230/320] Counting_Regional_counting_9 pred=430 ref=1 target=lak calls=170 backend=grounding_dino
/root/miniconda3/lib/python3.12/site-packages/transformers/models/grounding_dino/processing_grounding_dino.py:100: FutureWarning: The key `labels` is will return integer ids in `GroundingDinoProcessor.post_process_grounded_object_detection` output since v4.51.0. Use `text_labels` instead to retrieve string object names.
  warnings.warn(self.message, FutureWarning)
[231/320] Counting_Regional_counting_10 pred=653 ref=6 target=island calls=170 backend=grounding_dino
/root/miniconda3/lib/python3.12/site-packages/transformers/models/grounding_dino/processing_grounding_dino.py:100: FutureWarning: The key `labels` is will return integer ids in `GroundingDinoProcessor.post_process_grounded_object_detection` output since v4.51.0. Use `text_labels` instead to retrieve string object names.
  warnings.warn(self.message, FutureWarning)
[232/320] Counting_Regional_counting_11 pred=947 ref=2 target=building calls=170 backend=grounding_dino
/root/miniconda3/lib/python3.12/site-packages/transformers/models/grounding_dino/processing_grounding_dino.py:100: FutureWarning: The key `labels` is will return integer ids in `GroundingDinoProcessor.post_process_grounded_object_detection` output since v4.51.0. Use `text_labels` instead to retrieve string object names.
  warnings.warn(self.message, FutureWarning)
[233/320] Counting_Regional_counting_12 pred=857 ref=9 target=vehicle calls=70 backend=grounding_dino
/root/miniconda3/lib/python3.12/site-packages/transformers/models/grounding_dino/processing_grounding_dino.py:100: FutureWarning: The key `labels` is will return integer ids in `GroundingDinoProcessor.post_process_grounded_object_detection` output since v4.51.0. Use `text_labels` instead to retrieve string object names.
  warnings.warn(self.message, FutureWarning)
[234/320] Counting_Regional_counting_13 pred=312 ref=5 target=building calls=26 backend=grounding_dino
/root/miniconda3/lib/python3.12/site-packages/transformers/models/grounding_dino/processing_grounding_dino.py:100: FutureWarning: The key `labels` is will return integer ids in `GroundingDinoProcessor.post_process_grounded_object_detection` output since v4.51.0. Use `text_labels` instead to retrieve string object names.
  warnings.warn(self.message, FutureWarning)
[235/320] Counting_Regional_counting_14 pred=1484 ref=17 target=vehicle calls=318 backend=grounding_dino
/root/miniconda3/lib/python3.12/site-packages/transformers/models/grounding_dino/processing_grounding_dino.py:100: FutureWarning: The key `labels` is will return integer ids in `GroundingDinoProcessor.post_process_grounded_object_detection` output since v4.51.0. Use `text_labels` instead to retrieve string object names.
  warnings.warn(self.message, FutureWarning)
[236/320] Counting_Regional_counting_15 pred=953 ref=16 target=boat calls=318 backend=grounding_dino
/root/miniconda3/lib/python3.12/site-packages/transformers/models/grounding_dino/processing_grounding_dino.py:100: FutureWarning: The key `labels` is will return integer ids in `GroundingDinoProcessor.post_process_grounded_object_detection` output since v4.51.0. Use `text_labels` instead to retrieve string object names.
  warnings.warn(self.message, FutureWarning)
[237/320] Counting_Regional_counting_16 pred=350 ref=1 target=tennis court calls=170 backend=grounding_dino
/root/miniconda3/lib/python3.12/site-packages/transformers/models/grounding_dino/processing_grounding_dino.py:100: FutureWarning: The key `labels` is will return integer ids in `GroundingDinoProcessor.post_process_grounded_object_detection` output since v4.51.0. Use `text_labels` instead to retrieve string object names.
  warnings.warn(self.message, FutureWarning)
[238/320] Counting_Regional_counting_17 pred=390 ref=1 target=red track calls=170 backend=grounding_dino
/root/miniconda3/lib/python3.12/site-packages/transformers/models/grounding_dino/processing_grounding_dino.py:100: FutureWarning: The key `labels` is will return integer ids in `GroundingDinoProcessor.post_process_grounded_object_detection` output since v4.51.0. Use `text_labels` instead to retrieve string object names.
  warnings.warn(self.message, FutureWarning)
[239/320] Counting_Regional_counting_18 pred=341 ref=2 target=tennis court calls=170 backend=grounding_dino
/root/miniconda3/lib/python3.12/site-packages/transformers/models/grounding_dino/processing_grounding_dino.py:100: FutureWarning: The key `labels` is will return integer ids in `GroundingDinoProcessor.post_process_grounded_object_detection` output since v4.51.0. Use `text_labels` instead to retrieve string object names.
  warnings.warn(self.message, FutureWarning)
[240/320] Counting_Regional_counting_19 pred=1486 ref=57 target=vehicle calls=318 backend=grounding_dino
/root/miniconda3/lib/python3.12/site-packages/transformers/models/grounding_dino/processing_grounding_dino.py:100: FutureWarning: The key `labels` is will return integer ids in `GroundingDinoProcessor.post_process_grounded_object_detection` output since v4.51.0. Use `text_labels` instead to retrieve string object names.
  warnings.warn(self.message, FutureWarning)
[241/320] Counting_Regional_counting_20 pred=1282 ref=10 target=vehicle calls=318 backend=grounding_dino
/root/miniconda3/lib/python3.12/site-packages/transformers/models/grounding_dino/processing_grounding_dino.py:100: FutureWarning: The key `labels` is will return integer ids in `GroundingDinoProcessor.post_process_grounded_object_detection` output since v4.51.0. Use `text_labels` instead to retrieve string object names.
  warnings.warn(self.message, FutureWarning)
[242/320] Counting_Regional_counting_21 pred=651 ref=49 target=container calls=170 backend=grounding_dino
/root/miniconda3/lib/python3.12/site-packages/transformers/models/grounding_dino/processing_grounding_dino.py:100: FutureWarning: The key `labels` is will return integer ids in `GroundingDinoProcessor.post_process_grounded_object_detection` output since v4.51.0. Use `text_labels` instead to retrieve string object names.
  warnings.warn(self.message, FutureWarning)
[243/320] Counting_Regional_counting_22 pred=472 ref=1 target=vegetable greenhous calls=170 backend=grounding_dino
/root/miniconda3/lib/python3.12/site-packages/transformers/models/grounding_dino/processing_grounding_dino.py:100: FutureWarning: The key `labels` is will return integer ids in `GroundingDinoProcessor.post_process_grounded_object_detection` output since v4.51.0. Use `text_labels` instead to retrieve string object names.
  warnings.warn(self.message, FutureWarning)
[244/320] Counting_Regional_counting_23 pred=600 ref=2 target=building calls=170 backend=grounding_dino
/root/miniconda3/lib/python3.12/site-packages/transformers/models/grounding_dino/processing_grounding_dino.py:100: FutureWarning: The key `labels` is will return integer ids in `GroundingDinoProcessor.post_process_grounded_object_detection` output since v4.51.0. Use `text_labels` instead to retrieve string object names.
  warnings.warn(self.message, FutureWarning)
[245/320] Counting_Regional_counting_24 pred=190 ref=5 target=building calls=26 backend=grounding_dino
/root/miniconda3/lib/python3.12/site-packages/transformers/models/grounding_dino/processing_grounding_dino.py:100: FutureWarning: The key `labels` is will return integer ids in `GroundingDinoProcessor.post_process_grounded_object_detection` output since v4.51.0. Use `text_labels` instead to retrieve string object names.
  warnings.warn(self.message, FutureWarning)
[246/320] Counting_Regional_counting_25 pred=1142 ref=9 target=vehicle calls=318 backend=grounding_dino
/root/miniconda3/lib/python3.12/site-packages/transformers/models/grounding_dino/processing_grounding_dino.py:100: FutureWarning: The key `labels` is will return integer ids in `GroundingDinoProcessor.post_process_grounded_object_detection` output since v4.51.0. Use `text_labels` instead to retrieve string object names.
  warnings.warn(self.message, FutureWarning)
[247/320] Counting_Regional_counting_26 pred=490 ref=14 target=greenhous calls=170 backend=grounding_dino
/root/miniconda3/lib/python3.12/site-packages/transformers/models/grounding_dino/processing_grounding_dino.py:100: FutureWarning: The key `labels` is will return integer ids in `GroundingDinoProcessor.post_process_grounded_object_detection` output since v4.51.0. Use `text_labels` instead to retrieve string object names.
  warnings.warn(self.message, FutureWarning)
[248/320] Counting_Regional_counting_27 pred=1807 ref=4 target=ship calls=846 backend=grounding_dino
/root/miniconda3/lib/python3.12/site-packages/transformers/models/grounding_dino/processing_grounding_dino.py:100: FutureWarning: The key `labels` is will return integer ids in `GroundingDinoProcessor.post_process_grounded_object_detection` output since v4.51.0. Use `text_labels` instead to retrieve string object names.
  warnings.warn(self.message, FutureWarning)
[249/320] Counting_Regional_counting_28 pred=415 ref=1 target=swimming pool calls=170 backend=grounding_dino
/root/miniconda3/lib/python3.12/site-packages/transformers/models/grounding_dino/processing_grounding_dino.py:100: FutureWarning: The key `labels` is will return integer ids in `GroundingDinoProcessor.post_process_grounded_object_detection` output since v4.51.0. Use `text_labels` instead to retrieve string object names.
  warnings.warn(self.message, FutureWarning)
[250/320] Counting_Regional_counting_29 pred=423 ref=1 target=tennis court calls=170 backend=grounding_dino
/root/miniconda3/lib/python3.12/site-packages/transformers/models/grounding_dino/processing_grounding_dino.py:100: FutureWarning: The key `labels` is will return integer ids in `GroundingDinoProcessor.post_process_grounded_object_detection` output since v4.51.0. Use `text_labels` instead to retrieve string object names.
  warnings.warn(self.message, FutureWarning)
[251/320] Counting_Regional_counting_30 pred=279 ref=1 target=building calls=31 backend=grounding_dino
/root/miniconda3/lib/python3.12/site-packages/transformers/models/grounding_dino/processing_grounding_dino.py:100: FutureWarning: The key `labels` is will return integer ids in `GroundingDinoProcessor.post_process_grounded_object_detection` output since v4.51.0. Use `text_labels` instead to retrieve string object names.
  warnings.warn(self.message, FutureWarning)
[252/320] Counting_Regional_counting_31 pred=529 ref=1 target=lak calls=170 backend=grounding_dino
/root/miniconda3/lib/python3.12/site-packages/transformers/models/grounding_dino/processing_grounding_dino.py:100: FutureWarning: The key `labels` is will return integer ids in `GroundingDinoProcessor.post_process_grounded_object_detection` output since v4.51.0. Use `text_labels` instead to retrieve string object names.
  warnings.warn(self.message, FutureWarning)
[253/320] Counting_Regional_counting_32 pred=648 ref=1 target=factory calls=170 backend=grounding_dino
/root/miniconda3/lib/python3.12/site-packages/transformers/models/grounding_dino/processing_grounding_dino.py:100: FutureWarning: The key `labels` is will return integer ids in `GroundingDinoProcessor.post_process_grounded_object_detection` output since v4.51.0. Use `text_labels` instead to retrieve string object names.
  warnings.warn(self.message, FutureWarning)
[254/320] Counting_Regional_counting_33 pred=564 ref=6 target=tre calls=170 backend=grounding_dino
/root/miniconda3/lib/python3.12/site-packages/transformers/models/grounding_dino/processing_grounding_dino.py:100: FutureWarning: The key `labels` is will return integer ids in `GroundingDinoProcessor.post_process_grounded_object_detection` output since v4.51.0. Use `text_labels` instead to retrieve string object names.
  warnings.warn(self.message, FutureWarning)
[255/320] Counting_Regional_counting_34 pred=422 ref=2 target=tennis court calls=170 backend=grounding_dino
/root/miniconda3/lib/python3.12/site-packages/transformers/models/grounding_dino/processing_grounding_dino.py:100: FutureWarning: The key `labels` is will return integer ids in `GroundingDinoProcessor.post_process_grounded_object_detection` output since v4.51.0. Use `text_labels` instead to retrieve string object names.
  warnings.warn(self.message, FutureWarning)
[256/320] Counting_Regional_counting_35 pred=171 ref=2 target=building calls=31 backend=grounding_dino
/root/miniconda3/lib/python3.12/site-packages/transformers/models/grounding_dino/processing_grounding_dino.py:100: FutureWarning: The key `labels` is will return integer ids in `GroundingDinoProcessor.post_process_grounded_object_detection` output since v4.51.0. Use `text_labels` instead to retrieve string object names.
  warnings.warn(self.message, FutureWarning)
[257/320] Counting_Regional_counting_36 pred=631 ref=1 target=rectangular sports field calls=170 backend=grounding_dino
/root/miniconda3/lib/python3.12/site-packages/transformers/models/grounding_dino/processing_grounding_dino.py:100: FutureWarning: The key `labels` is will return integer ids in `GroundingDinoProcessor.post_process_grounded_object_detection` output since v4.51.0. Use `text_labels` instead to retrieve string object names.
  warnings.warn(self.message, FutureWarning)
[258/320] Counting_Regional_counting_37 pred=204 ref=1 target=building calls=26 backend=grounding_dino
/root/miniconda3/lib/python3.12/site-packages/transformers/models/grounding_dino/processing_grounding_dino.py:100: FutureWarning: The key `labels` is will return integer ids in `GroundingDinoProcessor.post_process_grounded_object_detection` output since v4.51.0. Use `text_labels` instead to retrieve string object names.
  warnings.warn(self.message, FutureWarning)
[259/320] Counting_Regional_counting_38 pred=45 ref=1 target=building calls=26 backend=grounding_dino
/root/miniconda3/lib/python3.12/site-packages/transformers/models/grounding_dino/processing_grounding_dino.py:100: FutureWarning: The key `labels` is will return integer ids in `GroundingDinoProcessor.post_process_grounded_object_detection` output since v4.51.0. Use `text_labels` instead to retrieve string object names.
  warnings.warn(self.message, FutureWarning)
[260/320] Counting_Regional_counting_39 pred=291 ref=6 target=solar panel calls=36 backend=grounding_dino
/root/miniconda3/lib/python3.12/site-packages/transformers/models/grounding_dino/processing_grounding_dino.py:100: FutureWarning: The key `labels` is will return integer ids in `GroundingDinoProcessor.post_process_grounded_object_detection` output since v4.51.0. Use `text_labels` instead to retrieve string object names.
  warnings.warn(self.message, FutureWarning)
[261/320] Counting_Regional_counting_40 pred=338 ref=4 target=tennis court calls=170 backend=grounding_dino
/root/miniconda3/lib/python3.12/site-packages/transformers/models/grounding_dino/processing_grounding_dino.py:100: FutureWarning: The key `labels` is will return integer ids in `GroundingDinoProcessor.post_process_grounded_object_detection` output since v4.51.0. Use `text_labels` instead to retrieve string object names.
  warnings.warn(self.message, FutureWarning)
[262/320] Counting_Regional_counting_41 pred=760 ref=1 target=parking lot calls=170 backend=grounding_dino
/root/miniconda3/lib/python3.12/site-packages/transformers/models/grounding_dino/processing_grounding_dino.py:100: FutureWarning: The key `labels` is will return integer ids in `GroundingDinoProcessor.post_process_grounded_object_detection` output since v4.51.0. Use `text_labels` instead to retrieve string object names.
  warnings.warn(self.message, FutureWarning)
[263/320] Counting_Regional_counting_42 pred=1290 ref=3 target=airplane calls=846 backend=grounding_dino
/root/miniconda3/lib/python3.12/site-packages/transformers/models/grounding_dino/processing_grounding_dino.py:100: FutureWarning: The key `labels` is will return integer ids in `GroundingDinoProcessor.post_process_grounded_object_detection` output since v4.51.0. Use `text_labels` instead to retrieve string object names.
  warnings.warn(self.message, FutureWarning)
[264/320] Counting_Regional_counting_43 pred=564 ref=1 target=swimming pool calls=170 backend=grounding_dino
/root/miniconda3/lib/python3.12/site-packages/transformers/models/grounding_dino/processing_grounding_dino.py:100: FutureWarning: The key `labels` is will return integer ids in `GroundingDinoProcessor.post_process_grounded_object_detection` output since v4.51.0. Use `text_labels` instead to retrieve string object names.
  warnings.warn(self.message, FutureWarning)
[265/320] Counting_Regional_counting_44 pred=377 ref=6 target=tennis court calls=170 backend=grounding_dino
/root/miniconda3/lib/python3.12/site-packages/transformers/models/grounding_dino/processing_grounding_dino.py:100: FutureWarning: The key `labels` is will return integer ids in `GroundingDinoProcessor.post_process_grounded_object_detection` output since v4.51.0. Use `text_labels` instead to retrieve string object names.
  warnings.warn(self.message, FutureWarning)
[266/320] Counting_Regional_counting_45 pred=729 ref=2 target=factory calls=170 backend=grounding_dino
/root/miniconda3/lib/python3.12/site-packages/transformers/models/grounding_dino/processing_grounding_dino.py:100: FutureWarning: The key `labels` is will return integer ids in `GroundingDinoProcessor.post_process_grounded_object_detection` output since v4.51.0. Use `text_labels` instead to retrieve string object names.
  warnings.warn(self.message, FutureWarning)
[267/320] Counting_Regional_counting_46 pred=122 ref=2 target=building calls=26 backend=grounding_dino
/root/miniconda3/lib/python3.12/site-packages/transformers/models/grounding_dino/processing_grounding_dino.py:100: FutureWarning: The key `labels` is will return integer ids in `GroundingDinoProcessor.post_process_grounded_object_detection` output since v4.51.0. Use `text_labels` instead to retrieve string object names.
  warnings.warn(self.message, FutureWarning)
[268/320] Counting_Regional_counting_47 pred=507 ref=10 target=shed calls=170 backend=grounding_dino
/root/miniconda3/lib/python3.12/site-packages/transformers/models/grounding_dino/processing_grounding_dino.py:100: FutureWarning: The key `labels` is will return integer ids in `GroundingDinoProcessor.post_process_grounded_object_detection` output since v4.51.0. Use `text_labels` instead to retrieve string object names.
  warnings.warn(self.message, FutureWarning)
[269/320] Counting_Regional_counting_48 pred=383 ref=3 target=building calls=31 backend=grounding_dino
/root/miniconda3/lib/python3.12/site-packages/transformers/models/grounding_dino/processing_grounding_dino.py:100: FutureWarning: The key `labels` is will return integer ids in `GroundingDinoProcessor.post_process_grounded_object_detection` output since v4.51.0. Use `text_labels` instead to retrieve string object names.
  warnings.warn(self.message, FutureWarning)
[270/320] Counting_Regional_counting_49 pred=1554 ref=39 target=vehicle calls=318 backend=grounding_dino
/root/miniconda3/lib/python3.12/site-packages/transformers/models/grounding_dino/processing_grounding_dino.py:100: FutureWarning: The key `labels` is will return integer ids in `GroundingDinoProcessor.post_process_grounded_object_detection` output since v4.51.0. Use `text_labels` instead to retrieve string object names.
  warnings.warn(self.message, FutureWarning)
[271/320] Counting_Regional_counting_50 pred=568 ref=4 target=pond calls=170 backend=grounding_dino
/root/miniconda3/lib/python3.12/site-packages/transformers/models/grounding_dino/processing_grounding_dino.py:100: FutureWarning: The key `labels` is will return integer ids in `GroundingDinoProcessor.post_process_grounded_object_detection` output since v4.51.0. Use `text_labels` instead to retrieve string object names.
  warnings.warn(self.message, FutureWarning)
[272/320] Counting_Regional_counting_51 pred=316 ref=1 target=building calls=31 backend=grounding_dino
/root/miniconda3/lib/python3.12/site-packages/transformers/models/grounding_dino/processing_grounding_dino.py:100: FutureWarning: The key `labels` is will return integer ids in `GroundingDinoProcessor.post_process_grounded_object_detection` output since v4.51.0. Use `text_labels` instead to retrieve string object names.
  warnings.warn(self.message, FutureWarning)
[273/320] Counting_Regional_counting_52 pred=455 ref=1 target=tennis court calls=170 backend=grounding_dino
/root/miniconda3/lib/python3.12/site-packages/transformers/models/grounding_dino/processing_grounding_dino.py:100: FutureWarning: The key `labels` is will return integer ids in `GroundingDinoProcessor.post_process_grounded_object_detection` output since v4.51.0. Use `text_labels` instead to retrieve string object names.
  warnings.warn(self.message, FutureWarning)
[274/320] Counting_Regional_counting_53 pred=146 ref=6 target=building calls=26 backend=grounding_dino
/root/miniconda3/lib/python3.12/site-packages/transformers/models/grounding_dino/processing_grounding_dino.py:100: FutureWarning: The key `labels` is will return integer ids in `GroundingDinoProcessor.post_process_grounded_object_detection` output since v4.51.0. Use `text_labels` instead to retrieve string object names.
  warnings.warn(self.message, FutureWarning)
[275/320] Counting_Regional_counting_54 pred=101 ref=2 target=building calls=26 backend=grounding_dino
/root/miniconda3/lib/python3.12/site-packages/transformers/models/grounding_dino/processing_grounding_dino.py:100: FutureWarning: The key `labels` is will return integer ids in `GroundingDinoProcessor.post_process_grounded_object_detection` output since v4.51.0. Use `text_labels` instead to retrieve string object names.
  warnings.warn(self.message, FutureWarning)
[276/320] Counting_Regional_counting_55 pred=426 ref=3 target=pond calls=170 backend=grounding_dino
/root/miniconda3/lib/python3.12/site-packages/transformers/models/grounding_dino/processing_grounding_dino.py:100: FutureWarning: The key `labels` is will return integer ids in `GroundingDinoProcessor.post_process_grounded_object_detection` output since v4.51.0. Use `text_labels` instead to retrieve string object names.
  warnings.warn(self.message, FutureWarning)
[277/320] Counting_Regional_counting_56 pred=580 ref=9 target=patches forest calls=170 backend=grounding_dino
/root/miniconda3/lib/python3.12/site-packages/transformers/models/grounding_dino/processing_grounding_dino.py:100: FutureWarning: The key `labels` is will return integer ids in `GroundingDinoProcessor.post_process_grounded_object_detection` output since v4.51.0. Use `text_labels` instead to retrieve string object names.
  warnings.warn(self.message, FutureWarning)
[278/320] Counting_Regional_counting_57 pred=564 ref=3 target=pond calls=170 backend=grounding_dino
/root/miniconda3/lib/python3.12/site-packages/transformers/models/grounding_dino/processing_grounding_dino.py:100: FutureWarning: The key `labels` is will return integer ids in `GroundingDinoProcessor.post_process_grounded_object_detection` output since v4.51.0. Use `text_labels` instead to retrieve string object names.
  warnings.warn(self.message, FutureWarning)
[279/320] Counting_Regional_counting_58 pred=601 ref=2 target=blue shed calls=170 backend=grounding_dino
/root/miniconda3/lib/python3.12/site-packages/transformers/models/grounding_dino/processing_grounding_dino.py:100: FutureWarning: The key `labels` is will return integer ids in `GroundingDinoProcessor.post_process_grounded_object_detection` output since v4.51.0. Use `text_labels` instead to retrieve string object names.
  warnings.warn(self.message, FutureWarning)
[280/320] Counting_Regional_counting_59 pred=524 ref=1 target=lak calls=170 backend=grounding_dino
/root/miniconda3/lib/python3.12/site-packages/transformers/models/grounding_dino/processing_grounding_dino.py:100: FutureWarning: The key `labels` is will return integer ids in `GroundingDinoProcessor.post_process_grounded_object_detection` output since v4.51.0. Use `text_labels` instead to retrieve string object names.
  warnings.warn(self.message, FutureWarning)
[281/320] Counting_Regional_counting_60 pred=1596 ref=6 target=vehicle calls=846 backend=grounding_dino
/root/miniconda3/lib/python3.12/site-packages/transformers/models/grounding_dino/processing_grounding_dino.py:100: FutureWarning: The key `labels` is will return integer ids in `GroundingDinoProcessor.post_process_grounded_object_detection` output since v4.51.0. Use `text_labels` instead to retrieve string object names.
  warnings.warn(self.message, FutureWarning)
[282/320] Counting_Regional_counting_61 pred=697 ref=12 target=patches lawn calls=170 backend=grounding_dino
/root/miniconda3/lib/python3.12/site-packages/transformers/models/grounding_dino/processing_grounding_dino.py:100: FutureWarning: The key `labels` is will return integer ids in `GroundingDinoProcessor.post_process_grounded_object_detection` output since v4.51.0. Use `text_labels` instead to retrieve string object names.
  warnings.warn(self.message, FutureWarning)
[283/320] Counting_Regional_counting_62 pred=304 ref=4 target=building calls=31 backend=grounding_dino
/root/miniconda3/lib/python3.12/site-packages/transformers/models/grounding_dino/processing_grounding_dino.py:100: FutureWarning: The key `labels` is will return integer ids in `GroundingDinoProcessor.post_process_grounded_object_detection` output since v4.51.0. Use `text_labels` instead to retrieve string object names.
  warnings.warn(self.message, FutureWarning)
[284/320] Counting_Regional_counting_63 pred=1757 ref=7 target=building calls=170 backend=grounding_dino
/root/miniconda3/lib/python3.12/site-packages/transformers/models/grounding_dino/processing_grounding_dino.py:100: FutureWarning: The key `labels` is will return integer ids in `GroundingDinoProcessor.post_process_grounded_object_detection` output since v4.51.0. Use `text_labels` instead to retrieve string object names.
  warnings.warn(self.message, FutureWarning)
[285/320] Counting_Regional_counting_64 pred=1825 ref=28 target=building calls=170 backend=grounding_dino
/root/miniconda3/lib/python3.12/site-packages/transformers/models/grounding_dino/processing_grounding_dino.py:100: FutureWarning: The key `labels` is will return integer ids in `GroundingDinoProcessor.post_process_grounded_object_detection` output since v4.51.0. Use `text_labels` instead to retrieve string object names.
  warnings.warn(self.message, FutureWarning)
[286/320] Counting_Regional_counting_65 pred=662 ref=1 target=mine pit calls=170 backend=grounding_dino
/root/miniconda3/lib/python3.12/site-packages/transformers/models/grounding_dino/processing_grounding_dino.py:100: FutureWarning: The key `labels` is will return integer ids in `GroundingDinoProcessor.post_process_grounded_object_detection` output since v4.51.0. Use `text_labels` instead to retrieve string object names.
  warnings.warn(self.message, FutureWarning)
[287/320] Counting_Regional_counting_66 pred=1776 ref=30 target=building calls=170 backend=grounding_dino
/root/miniconda3/lib/python3.12/site-packages/transformers/models/grounding_dino/processing_grounding_dino.py:100: FutureWarning: The key `labels` is will return integer ids in `GroundingDinoProcessor.post_process_grounded_object_detection` output since v4.51.0. Use `text_labels` instead to retrieve string object names.
  warnings.warn(self.message, FutureWarning)
[288/320] Counting_Regional_counting_67 pred=84 ref=5 target=building calls=31 backend=grounding_dino
/root/miniconda3/lib/python3.12/site-packages/transformers/models/grounding_dino/processing_grounding_dino.py:100: FutureWarning: The key `labels` is will return integer ids in `GroundingDinoProcessor.post_process_grounded_object_detection` output since v4.51.0. Use `text_labels` instead to retrieve string object names.
  warnings.warn(self.message, FutureWarning)
[289/320] Counting_Regional_counting_68 pred=1260 ref=20 target=vehicle calls=318 backend=grounding_dino
/root/miniconda3/lib/python3.12/site-packages/transformers/models/grounding_dino/processing_grounding_dino.py:100: FutureWarning: The key `labels` is will return integer ids in `GroundingDinoProcessor.post_process_grounded_object_detection` output since v4.51.0. Use `text_labels` instead to retrieve string object names.
  warnings.warn(self.message, FutureWarning)
[290/320] Counting_Regional_counting_69 pred=901 ref=3 target=building calls=170 backend=grounding_dino
/root/miniconda3/lib/python3.12/site-packages/transformers/models/grounding_dino/processing_grounding_dino.py:100: FutureWarning: The key `labels` is will return integer ids in `GroundingDinoProcessor.post_process_grounded_object_detection` output since v4.51.0. Use `text_labels` instead to retrieve string object names.
  warnings.warn(self.message, FutureWarning)
[291/320] Counting_Regional_counting_70 pred=350 ref=2 target=red tennis court calls=170 backend=grounding_dino
/root/miniconda3/lib/python3.12/site-packages/transformers/models/grounding_dino/processing_grounding_dino.py:100: FutureWarning: The key `labels` is will return integer ids in `GroundingDinoProcessor.post_process_grounded_object_detection` output since v4.51.0. Use `text_labels` instead to retrieve string object names.
  warnings.warn(self.message, FutureWarning)
[292/320] Counting_Regional_counting_71 pred=599 ref=7 target=large tre calls=170 backend=grounding_dino
/root/miniconda3/lib/python3.12/site-packages/transformers/models/grounding_dino/processing_grounding_dino.py:100: FutureWarning: The key `labels` is will return integer ids in `GroundingDinoProcessor.post_process_grounded_object_detection` output since v4.51.0. Use `text_labels` instead to retrieve string object names.
  warnings.warn(self.message, FutureWarning)
[293/320] Counting_Regional_counting_72 pred=302 ref=3 target=building calls=31 backend=grounding_dino
/root/miniconda3/lib/python3.12/site-packages/transformers/models/grounding_dino/processing_grounding_dino.py:100: FutureWarning: The key `labels` is will return integer ids in `GroundingDinoProcessor.post_process_grounded_object_detection` output since v4.51.0. Use `text_labels` instead to retrieve string object names.
  warnings.warn(self.message, FutureWarning)
[294/320] Counting_Regional_counting_73 pred=485 ref=2 target=lak calls=170 backend=grounding_dino
/root/miniconda3/lib/python3.12/site-packages/transformers/models/grounding_dino/processing_grounding_dino.py:100: FutureWarning: The key `labels` is will return integer ids in `GroundingDinoProcessor.post_process_grounded_object_detection` output since v4.51.0. Use `text_labels` instead to retrieve string object names.
  warnings.warn(self.message, FutureWarning)
[295/320] Counting_Regional_counting_74 pred=480 ref=1 target=lak calls=170 backend=grounding_dino
/root/miniconda3/lib/python3.12/site-packages/transformers/models/grounding_dino/processing_grounding_dino.py:100: FutureWarning: The key `labels` is will return integer ids in `GroundingDinoProcessor.post_process_grounded_object_detection` output since v4.51.0. Use `text_labels` instead to retrieve string object names.
  warnings.warn(self.message, FutureWarning)
[296/320] Counting_Regional_counting_75 pred=512 ref=11 target=greenhous calls=170 backend=grounding_dino
/root/miniconda3/lib/python3.12/site-packages/transformers/models/grounding_dino/processing_grounding_dino.py:100: FutureWarning: The key `labels` is will return integer ids in `GroundingDinoProcessor.post_process_grounded_object_detection` output since v4.51.0. Use `text_labels` instead to retrieve string object names.
  warnings.warn(self.message, FutureWarning)
[297/320] Counting_Regional_counting_76 pred=287 ref=20 target=container calls=71 backend=grounding_dino
/root/miniconda3/lib/python3.12/site-packages/transformers/models/grounding_dino/processing_grounding_dino.py:100: FutureWarning: The key `labels` is will return integer ids in `GroundingDinoProcessor.post_process_grounded_object_detection` output since v4.51.0. Use `text_labels` instead to retrieve string object names.
  warnings.warn(self.message, FutureWarning)
[298/320] Counting_Regional_counting_77 pred=293 ref=2 target=building calls=49 backend=grounding_dino
/root/miniconda3/lib/python3.12/site-packages/transformers/models/grounding_dino/processing_grounding_dino.py:100: FutureWarning: The key `labels` is will return integer ids in `GroundingDinoProcessor.post_process_grounded_object_detection` output since v4.51.0. Use `text_labels` instead to retrieve string object names.
  warnings.warn(self.message, FutureWarning)
[299/320] Counting_Regional_counting_78 pred=539 ref=13 target=unplanted patches yellow soil calls=170 backend=grounding_dino
/root/miniconda3/lib/python3.12/site-packages/transformers/models/grounding_dino/processing_grounding_dino.py:100: FutureWarning: The key `labels` is will return integer ids in `GroundingDinoProcessor.post_process_grounded_object_detection` output since v4.51.0. Use `text_labels` instead to retrieve string object names.
  warnings.warn(self.message, FutureWarning)
[300/320] Counting_Regional_counting_79 pred=427 ref=10 target=shed calls=170 backend=grounding_dino
/root/miniconda3/lib/python3.12/site-packages/transformers/models/grounding_dino/processing_grounding_dino.py:100: FutureWarning: The key `labels` is will return integer ids in `GroundingDinoProcessor.post_process_grounded_object_detection` output since v4.51.0. Use `text_labels` instead to retrieve string object names.
  warnings.warn(self.message, FutureWarning)
[301/320] Counting_Regional_counting_80 pred=416 ref=2 target=pond calls=170 backend=grounding_dino
/root/miniconda3/lib/python3.12/site-packages/transformers/models/grounding_dino/processing_grounding_dino.py:100: FutureWarning: The key `labels` is will return integer ids in `GroundingDinoProcessor.post_process_grounded_object_detection` output since v4.51.0. Use `text_labels` instead to retrieve string object names.
  warnings.warn(self.message, FutureWarning)
[302/320] Counting_Regional_counting_81 pred=438 ref=1 target=lak calls=170 backend=grounding_dino
/root/miniconda3/lib/python3.12/site-packages/transformers/models/grounding_dino/processing_grounding_dino.py:100: FutureWarning: The key `labels` is will return integer ids in `GroundingDinoProcessor.post_process_grounded_object_detection` output since v4.51.0. Use `text_labels` instead to retrieve string object names.
  warnings.warn(self.message, FutureWarning)
[303/320] Counting_Regional_counting_82 pred=101 ref=1 target=building calls=26 backend=grounding_dino
/root/miniconda3/lib/python3.12/site-packages/transformers/models/grounding_dino/processing_grounding_dino.py:100: FutureWarning: The key `labels` is will return integer ids in `GroundingDinoProcessor.post_process_grounded_object_detection` output since v4.51.0. Use `text_labels` instead to retrieve string object names.
  warnings.warn(self.message, FutureWarning)
[304/320] Counting_Regional_counting_83 pred=292 ref=6 target=building calls=26 backend=grounding_dino
/root/miniconda3/lib/python3.12/site-packages/transformers/models/grounding_dino/processing_grounding_dino.py:100: FutureWarning: The key `labels` is will return integer ids in `GroundingDinoProcessor.post_process_grounded_object_detection` output since v4.51.0. Use `text_labels` instead to retrieve string object names.
  warnings.warn(self.message, FutureWarning)
[305/320] Counting_Regional_counting_84 pred=409 ref=5 target=building calls=31 backend=grounding_dino
/root/miniconda3/lib/python3.12/site-packages/transformers/models/grounding_dino/processing_grounding_dino.py:100: FutureWarning: The key `labels` is will return integer ids in `GroundingDinoProcessor.post_process_grounded_object_detection` output since v4.51.0. Use `text_labels` instead to retrieve string object names.
  warnings.warn(self.message, FutureWarning)
[306/320] Counting_Regional_counting_85 pred=957 ref=2 target=building calls=170 backend=grounding_dino
/root/miniconda3/lib/python3.12/site-packages/transformers/models/grounding_dino/processing_grounding_dino.py:100: FutureWarning: The key `labels` is will return integer ids in `GroundingDinoProcessor.post_process_grounded_object_detection` output since v4.51.0. Use `text_labels` instead to retrieve string object names.
  warnings.warn(self.message, FutureWarning)
[307/320] Counting_Regional_counting_86 pred=2243 ref=3 target=building calls=170 backend=grounding_dino
/root/miniconda3/lib/python3.12/site-packages/transformers/models/grounding_dino/processing_grounding_dino.py:100: FutureWarning: The key `labels` is will return integer ids in `GroundingDinoProcessor.post_process_grounded_object_detection` output since v4.51.0. Use `text_labels` instead to retrieve string object names.
  warnings.warn(self.message, FutureWarning)
[308/320] Counting_Regional_counting_87 pred=1515 ref=8 target=white boat calls=846 backend=grounding_dino
/root/miniconda3/lib/python3.12/site-packages/transformers/models/grounding_dino/processing_grounding_dino.py:100: FutureWarning: The key `labels` is will return integer ids in `GroundingDinoProcessor.post_process_grounded_object_detection` output since v4.51.0. Use `text_labels` instead to retrieve string object names.
  warnings.warn(self.message, FutureWarning)
[309/320] Counting_Regional_counting_88 pred=426 ref=4 target=green hous calls=170 backend=grounding_dino
/root/miniconda3/lib/python3.12/site-packages/transformers/models/grounding_dino/processing_grounding_dino.py:100: FutureWarning: The key `labels` is will return integer ids in `GroundingDinoProcessor.post_process_grounded_object_detection` output since v4.51.0. Use `text_labels` instead to retrieve string object names.
  warnings.warn(self.message, FutureWarning)
[310/320] Counting_Regional_counting_89 pred=557 ref=5 target=yellow dot calls=170 backend=grounding_dino
/root/miniconda3/lib/python3.12/site-packages/transformers/models/grounding_dino/processing_grounding_dino.py:100: FutureWarning: The key `labels` is will return integer ids in `GroundingDinoProcessor.post_process_grounded_object_detection` output since v4.51.0. Use `text_labels` instead to retrieve string object names.
  warnings.warn(self.message, FutureWarning)
[311/320] Counting_Regional_counting_90 pred=77 ref=3 target=building calls=31 backend=grounding_dino
/root/miniconda3/lib/python3.12/site-packages/transformers/models/grounding_dino/processing_grounding_dino.py:100: FutureWarning: The key `labels` is will return integer ids in `GroundingDinoProcessor.post_process_grounded_object_detection` output since v4.51.0. Use `text_labels` instead to retrieve string object names.
  warnings.warn(self.message, FutureWarning)
[312/320] Counting_Regional_counting_91 pred=909 ref=2 target=building calls=170 backend=grounding_dino
/root/miniconda3/lib/python3.12/site-packages/transformers/models/grounding_dino/processing_grounding_dino.py:100: FutureWarning: The key `labels` is will return integer ids in `GroundingDinoProcessor.post_process_grounded_object_detection` output since v4.51.0. Use `text_labels` instead to retrieve string object names.
  warnings.warn(self.message, FutureWarning)
[313/320] Counting_Regional_counting_92 pred=441 ref=9 target=plots land calls=170 backend=grounding_dino
/root/miniconda3/lib/python3.12/site-packages/transformers/models/grounding_dino/processing_grounding_dino.py:100: FutureWarning: The key `labels` is will return integer ids in `GroundingDinoProcessor.post_process_grounded_object_detection` output since v4.51.0. Use `text_labels` instead to retrieve string object names.
  warnings.warn(self.message, FutureWarning)
[314/320] Counting_Regional_counting_93 pred=299 ref=1 target=building calls=31 backend=grounding_dino
/root/miniconda3/lib/python3.12/site-packages/transformers/models/grounding_dino/processing_grounding_dino.py:100: FutureWarning: The key `labels` is will return integer ids in `GroundingDinoProcessor.post_process_grounded_object_detection` output since v4.51.0. Use `text_labels` instead to retrieve string object names.
  warnings.warn(self.message, FutureWarning)
[315/320] Counting_Regional_counting_94 pred=1099 ref=1 target=building calls=170 backend=grounding_dino
/root/miniconda3/lib/python3.12/site-packages/transformers/models/grounding_dino/processing_grounding_dino.py:100: FutureWarning: The key `labels` is will return integer ids in `GroundingDinoProcessor.post_process_grounded_object_detection` output since v4.51.0. Use `text_labels` instead to retrieve string object names.
  warnings.warn(self.message, FutureWarning)
[316/320] Counting_Regional_counting_95 pred=487 ref=13 target=building calls=26 backend=grounding_dino
/root/miniconda3/lib/python3.12/site-packages/transformers/models/grounding_dino/processing_grounding_dino.py:100: FutureWarning: The key `labels` is will return integer ids in `GroundingDinoProcessor.post_process_grounded_object_detection` output since v4.51.0. Use `text_labels` instead to retrieve string object names.
  warnings.warn(self.message, FutureWarning)
[317/320] Counting_Regional_counting_96 pred=2625 ref=1 target=building calls=170 backend=grounding_dino
/root/miniconda3/lib/python3.12/site-packages/transformers/models/grounding_dino/processing_grounding_dino.py:100: FutureWarning: The key `labels` is will return integer ids in `GroundingDinoProcessor.post_process_grounded_object_detection` output since v4.51.0. Use `text_labels` instead to retrieve string object names.
  warnings.warn(self.message, FutureWarning)
[318/320] Counting_Regional_counting_97 pred=1810 ref=2 target=building calls=170 backend=grounding_dino
/root/miniconda3/lib/python3.12/site-packages/transformers/models/grounding_dino/processing_grounding_dino.py:100: FutureWarning: The key `labels` is will return integer ids in `GroundingDinoProcessor.post_process_grounded_object_detection` output since v4.51.0. Use `text_labels` instead to retrieve string object names.
  warnings.warn(self.message, FutureWarning)
[319/320] Counting_Regional_counting_98 pred=508 ref=1 target=lak calls=170 backend=grounding_dino
/root/miniconda3/lib/python3.12/site-packages/transformers/models/grounding_dino/processing_grounding_dino.py:100: FutureWarning: The key `labels` is will return integer ids in `GroundingDinoProcessor.post_process_grounded_object_detection` output since v4.51.0. Use `text_labels` instead to retrieve string object names.
  warnings.warn(self.message, FutureWarning)
[320/320] Counting_Regional_counting_99 pred=419 ref=1 target=swimming pool calls=170 backend=grounding_dino
{
  "num_samples": 320,
  "parsed": 320,
  "parse_rate": 1.0,
  "exact_accuracy": 0.0,
  "within1_accuracy": 0.0,
  "mae": 453.884375,
  "rmse": 591.7168426494213,
  "mean_signed_error": 449.184375,
  "elapsed_sec": 4811.384642671794,
  "backend": [
    "grounding_dino"
  ],
  "mean_detector_calls": 151.646875,
  "mean_latency_sec": 14.945349693694151,
  "gpu": {
    "device": "NVIDIA GeForce RTX 5090",
    "torch_allocated_mb": 692.0,
    "torch_max_allocated_mb": 1912.3,
    "torch_max_reserved_mb": 2224.0,
    "nvidia_smi_used_mb": 2835.0,
    "nvidia_smi_total_mb": 32607.0,
    "nvidia_smi_util": 51.0
  }
}
[2026-09-02 01:10:01] DONE xlrs_benchmark_320 exit=0
[2026-09-02 01:10:01] ===== ALL STEPS FINISHED 2026-09-02 01:10:01 =====
[2026-09-02 01:10:01] metrics8=exact 0.0 mae 369.375 backend ['grounding_dino']
[2026-09-02 01:10:01] metrics32=exact 0.0 mae 370.78125 n 32 sec 715.2 gpu 1912.3
[2026-09-02 01:10:01] metrics320=exact 0.0 mae 453.884375 n 320 sec 4811.4 gpu 1912.3
[2026-09-02 01:10:01] log=outputs/logs/overnight_gpu.log
